-- phpMyAdmin SQL Dump
-- version 4.7.4
-- https://www.phpmyadmin.net/
--
-- Host: 127.0.0.1
-- Generation Time: Jun 18, 2018 at 05:02 AM
-- Server version: 10.1.13-MariaDB
-- PHP Version: 7.1.9

SET SQL_MODE = "NO_AUTO_VALUE_ON_ZERO";
SET AUTOCOMMIT = 0;
START TRANSACTION;
SET time_zone = "+00:00";


/*!40101 SET @OLD_CHARACTER_SET_CLIENT=@@CHARACTER_SET_CLIENT */;
/*!40101 SET @OLD_CHARACTER_SET_RESULTS=@@CHARACTER_SET_RESULTS */;
/*!40101 SET @OLD_COLLATION_CONNECTION=@@COLLATION_CONNECTION */;
/*!40101 SET NAMES utf8mb4 */;

--
-- Database: `eapi`
--

-- --------------------------------------------------------

--
-- Table structure for table `migrations`
--

CREATE TABLE `migrations` (
  `id` int(10) UNSIGNED NOT NULL,
  `migration` varchar(191) COLLATE utf8mb4_unicode_ci NOT NULL,
  `batch` int(11) NOT NULL
) ENGINE=InnoDB DEFAULT CHARSET=utf8mb4 COLLATE=utf8mb4_unicode_ci;

--
-- Dumping data for table `migrations`
--

INSERT INTO `migrations` (`id`, `migration`, `batch`) VALUES
(1, '2014_10_12_000000_create_users_table', 1),
(2, '2014_10_12_100000_create_password_resets_table', 1),
(3, '2018_06_18_014015_create_products_table', 1),
(4, '2018_06_18_014033_create_reviews_table', 1);

-- --------------------------------------------------------

--
-- Table structure for table `password_resets`
--

CREATE TABLE `password_resets` (
  `email` varchar(191) COLLATE utf8mb4_unicode_ci NOT NULL,
  `token` varchar(191) COLLATE utf8mb4_unicode_ci NOT NULL,
  `created_at` timestamp NULL DEFAULT NULL
) ENGINE=InnoDB DEFAULT CHARSET=utf8mb4 COLLATE=utf8mb4_unicode_ci;

-- --------------------------------------------------------

--
-- Table structure for table `products`
--

CREATE TABLE `products` (
  `id` int(10) UNSIGNED NOT NULL,
  `name` varchar(191) COLLATE utf8mb4_unicode_ci NOT NULL,
  `detail` text COLLATE utf8mb4_unicode_ci NOT NULL,
  `price` int(11) NOT NULL,
  `stock` int(11) NOT NULL,
  `discount` int(11) NOT NULL,
  `created_at` timestamp NULL DEFAULT NULL,
  `updated_at` timestamp NULL DEFAULT NULL
) ENGINE=InnoDB DEFAULT CHARSET=utf8mb4 COLLATE=utf8mb4_unicode_ci;

--
-- Dumping data for table `products`
--

INSERT INTO `products` (`id`, `name`, `detail`, `price`, `stock`, `discount`, `created_at`, `updated_at`) VALUES
(1, 'et', 'Eos facilis tenetur occaecati est nihil rem. Occaecati et quos dicta eum. Asperiores nam ut occaecati eaque in. Consequatur eum excepturi rerum incidunt blanditiis.', 997, 8, 27, '2018-06-17 18:58:20', '2018-06-17 18:58:20'),
(2, 'est', 'Ut asperiores quo nam aperiam nemo. Est iusto inventore animi enim. Aliquam unde est perferendis provident et cupiditate blanditiis magni. Qui eveniet neque sed iure nihil.', 988, 1, 10, '2018-06-17 18:58:20', '2018-06-17 18:58:20'),
(3, 'cumque', 'Impedit amet sunt quasi. Veniam animi omnis sed magni voluptatem et voluptatem.', 798, 3, 5, '2018-06-17 18:58:20', '2018-06-17 18:58:20'),
(4, 'natus', 'Eaque ut soluta accusantium ad. Ab earum rerum soluta voluptatem doloribus. Similique nam repellat unde rerum odio eligendi occaecati. Ad molestiae mollitia totam illo cum voluptatum.', 565, 3, 22, '2018-06-17 18:58:20', '2018-06-17 18:58:20'),
(5, 'perferendis', 'Sit eos excepturi ipsa ut eum ipsum. Expedita repellendus sint fugiat ea officiis qui est provident. Consequatur ut voluptas placeat accusantium. Corporis quia praesentium saepe nulla quos fugit.', 231, 3, 24, '2018-06-17 18:58:20', '2018-06-17 18:58:20'),
(6, 'vero', 'Officiis voluptas consequuntur quasi omnis voluptatem sapiente quis. Quis aliquam enim perferendis non laudantium sed vitae. Aliquid et sit ut perferendis.', 540, 5, 15, '2018-06-17 18:58:20', '2018-06-17 18:58:20'),
(7, 'qui', 'Dolorem eius natus voluptas deserunt magnam. Odio necessitatibus assumenda ex ipsam. Qui expedita rem soluta quis ut dolores. Qui assumenda et quia corrupti sed voluptatem. At voluptatem recusandae sit animi.', 716, 0, 18, '2018-06-17 18:58:20', '2018-06-17 18:58:20'),
(8, 'praesentium', 'Dolorem sint sapiente quaerat sint. Odit ducimus atque nobis provident enim autem ullam quis. Nam soluta quod qui architecto.', 642, 5, 5, '2018-06-17 18:58:20', '2018-06-17 18:58:20'),
(9, 'distinctio', 'Maxime consequuntur vel velit vitae consequatur. Earum repellendus ex provident facere. Id laboriosam esse molestias et dolorem ut id.', 426, 3, 18, '2018-06-17 18:58:20', '2018-06-17 18:58:20'),
(10, 'aliquam', 'Quia porro architecto est est pariatur mollitia quis. Quibusdam sunt velit commodi aut in et id. Eligendi quia similique sit non temporibus.', 154, 9, 7, '2018-06-17 18:58:20', '2018-06-17 18:58:20'),
(11, 'quam', 'Et rerum consequatur quis incidunt exercitationem. Necessitatibus aut doloribus eos sit. Dolor itaque adipisci id maiores.', 803, 3, 16, '2018-06-17 18:58:20', '2018-06-17 18:58:20'),
(12, 'rem', 'Non modi soluta veritatis quam non ut. Doloremque voluptas qui excepturi velit. Quasi veritatis doloremque ut. Nisi quia sed possimus est.', 683, 6, 12, '2018-06-17 18:58:20', '2018-06-17 18:58:20'),
(13, 'quod', 'Quibusdam sit tenetur nihil aperiam a adipisci dignissimos. Voluptatem ducimus ratione quis beatae. Assumenda nesciunt hic et incidunt velit qui molestiae. Excepturi praesentium natus eaque non.', 998, 8, 13, '2018-06-17 18:58:20', '2018-06-17 18:58:20'),
(14, 'aut', 'Possimus enim voluptas autem laboriosam molestiae sint iusto. Sunt nostrum quas ut magnam assumenda consequatur in. Rem sint error ducimus laboriosam dolores omnis qui nesciunt.', 262, 8, 21, '2018-06-17 18:58:20', '2018-06-17 18:58:20'),
(15, 'est', 'Iusto dicta inventore non ea est sint dolorum. Tempore ipsam unde quaerat quo. Corrupti dolores temporibus et quidem. Nemo voluptate maxime soluta mollitia.', 223, 8, 12, '2018-06-17 18:58:20', '2018-06-17 18:58:20'),
(16, 'adipisci', 'Labore ea culpa eligendi molestiae rerum quam. Asperiores aliquam nesciunt aut molestiae reiciendis amet. Illo nam impedit aut est qui veritatis autem eligendi. Ea temporibus omnis delectus eaque est in.', 647, 5, 12, '2018-06-17 18:58:20', '2018-06-17 18:58:20'),
(17, 'quia', 'Repellat itaque ea consequatur voluptatibus perspiciatis sint ut enim. Sed et commodi eum quos reprehenderit veniam accusamus culpa. Quaerat repudiandae consequatur ducimus soluta.', 183, 6, 30, '2018-06-17 18:58:20', '2018-06-17 18:58:20'),
(18, 'omnis', 'Laborum quisquam facere non aspernatur. Consequatur aut maiores iste repudiandae laboriosam. Voluptatem qui magni architecto eius. Qui ad amet occaecati asperiores. Fugit excepturi nulla quia harum vel ea totam.', 475, 7, 3, '2018-06-17 18:58:20', '2018-06-17 18:58:20'),
(19, 'omnis', 'Aut sit quia quae accusamus. Rerum recusandae voluptatibus eius. Porro alias et voluptas odio iusto et dolor. Doloremque tempora quo est dolores.', 504, 6, 8, '2018-06-17 18:58:20', '2018-06-17 18:58:20'),
(20, 'ut', 'Sunt laborum eius dolor harum dicta et assumenda. Aut sed provident et. Inventore vel ipsum tenetur. Id provident cumque tempore voluptatum quia omnis enim. Temporibus sapiente quaerat aperiam est.', 199, 0, 10, '2018-06-17 18:58:20', '2018-06-17 18:58:20'),
(21, 'ducimus', 'Sunt tempora provident provident cumque. Amet fuga ut fuga voluptate. Nemo neque quasi quaerat voluptatem est ullam neque eius. Dolor qui reiciendis similique excepturi aperiam et expedita.', 572, 5, 10, '2018-06-17 18:58:20', '2018-06-17 18:58:20'),
(22, 'facilis', 'Nam repudiandae numquam amet. Officiis inventore quo officia molestiae aut commodi eius. Enim reprehenderit tempore ut doloremque ut corrupti omnis.', 446, 0, 10, '2018-06-17 18:58:20', '2018-06-17 18:58:20'),
(23, 'illum', 'Aperiam porro totam maiores. Aliquam adipisci qui architecto non impedit harum. Et tempore dicta eos ut vel voluptates. Nobis esse maiores aut.', 828, 1, 5, '2018-06-17 18:58:20', '2018-06-17 18:58:20'),
(24, 'veniam', 'Dolor qui quas et aliquid tempore dolores. Totam error qui enim sit rerum voluptas animi. Repellendus architecto voluptatibus aut soluta quia iure.', 632, 4, 10, '2018-06-17 18:58:20', '2018-06-17 18:58:20'),
(25, 'inventore', 'Voluptatem et et et pariatur nemo omnis modi. Sunt quam delectus doloremque. Ut quo in id. Aspernatur quod aliquam laborum expedita autem.', 737, 8, 4, '2018-06-17 18:58:20', '2018-06-17 18:58:20'),
(26, 'deserunt', 'Suscipit pariatur sint rem ut molestiae harum ut omnis. Minima corrupti at sed et et rem qui. Ipsam pariatur excepturi nisi voluptatum eius perspiciatis. Nemo ab nobis animi.', 787, 8, 24, '2018-06-17 18:58:20', '2018-06-17 18:58:20'),
(27, 'id', 'Aspernatur dolorem quod corrupti ducimus sit enim sunt. Consequuntur vero fugiat ratione explicabo quidem et. Saepe adipisci adipisci nulla laboriosam veniam voluptate reprehenderit.', 226, 2, 17, '2018-06-17 18:58:20', '2018-06-17 18:58:20'),
(28, 'hic', 'Ut ut iste quaerat omnis animi dicta expedita. Ipsum nobis labore non assumenda consectetur explicabo. Deleniti voluptatem quas unde vel est alias ad.', 846, 9, 5, '2018-06-17 18:58:20', '2018-06-17 18:58:20'),
(29, 'molestiae', 'Et excepturi et inventore sint. Nobis sed et aliquid sit sequi ad deleniti. Nostrum optio similique temporibus voluptates illo quas.', 335, 3, 28, '2018-06-17 18:58:20', '2018-06-17 18:58:20'),
(30, 'aliquid', 'Blanditiis aut omnis iste occaecati. Est praesentium qui aliquid totam.', 751, 4, 26, '2018-06-17 18:58:20', '2018-06-17 18:58:20'),
(31, 'debitis', 'Est qui et possimus. Consectetur aperiam dolorem nesciunt minima consequatur et velit. Ea quia veniam recusandae dignissimos. Nisi quia quod labore dignissimos.', 457, 6, 8, '2018-06-17 18:58:20', '2018-06-17 18:58:20'),
(32, 'quia', 'Aut ut odit non molestias sit. Cum necessitatibus nam temporibus. Ut qui expedita velit aut. Aut iusto odit voluptatem recusandae. Iure vitae optio veniam.', 551, 3, 29, '2018-06-17 18:58:20', '2018-06-17 18:58:20'),
(33, 'cumque', 'Nobis cumque quaerat sed maxime. Ipsam ad eveniet dignissimos et et. Eaque assumenda reprehenderit sint inventore eum et voluptatem odit.', 846, 7, 17, '2018-06-17 18:58:20', '2018-06-17 18:58:20'),
(34, 'quidem', 'Aliquam harum quia neque repellendus quisquam. Quibusdam numquam nulla aperiam ullam. Quia autem nisi mollitia architecto sed. Beatae beatae non illo aspernatur.', 390, 6, 9, '2018-06-17 18:58:20', '2018-06-17 18:58:20'),
(35, 'quod', 'Sit minima esse et amet. Deserunt voluptas aut sint quia.', 789, 2, 7, '2018-06-17 18:58:20', '2018-06-17 18:58:20'),
(36, 'odio', 'A et consequatur quo. Iusto quia esse eligendi. Porro aspernatur velit quis aut repellendus eveniet. Officia officiis veniam inventore reprehenderit autem nulla ut.', 276, 4, 21, '2018-06-17 18:58:20', '2018-06-17 18:58:20'),
(37, 'repellat', 'Hic ut aperiam dicta. Cupiditate ut veritatis ducimus eos facilis id qui sint. Sunt impedit nemo non ducimus. Sed a natus sit dicta saepe a.', 411, 3, 28, '2018-06-17 18:58:20', '2018-06-17 18:58:20'),
(38, 'error', 'Aliquam quae quo numquam ratione illum exercitationem error eligendi. Nemo fugiat ut dolore velit nihil consectetur quia sapiente. Est incidunt quos enim illo et.', 781, 4, 11, '2018-06-17 18:58:20', '2018-06-17 18:58:20'),
(39, 'aut', 'Praesentium perspiciatis voluptatem architecto sapiente error. Dolor nesciunt doloremque perferendis provident doloribus enim. Esse ut magni ipsum est. Non doloremque ut similique in reiciendis nemo reprehenderit omnis.', 315, 6, 15, '2018-06-17 18:58:20', '2018-06-17 18:58:20'),
(40, 'maxime', 'Corrupti qui id animi et. Alias quibusdam soluta ullam sunt. Dolor earum quo officia et et omnis nisi quia. Sint nisi iste rerum.', 555, 8, 16, '2018-06-17 18:58:20', '2018-06-17 18:58:20'),
(41, 'dolorem', 'Dolorem quos iusto delectus voluptatibus blanditiis. Accusamus quibusdam est quibusdam ut aut velit officia. Non debitis similique accusamus natus voluptas.', 840, 2, 23, '2018-06-17 18:58:20', '2018-06-17 18:58:20'),
(42, 'ut', 'Ab praesentium repellendus voluptates quisquam corporis. Ea quam voluptatibus in veniam ratione et. Error animi aliquam qui impedit ex reiciendis eum. Corporis laudantium ut saepe voluptatem quidem autem assumenda.', 276, 2, 12, '2018-06-17 18:58:20', '2018-06-17 18:58:20'),
(43, 'enim', 'Veniam enim quaerat numquam sint. Aperiam quia mollitia mollitia. Labore alias qui quis ea. Ut eligendi deserunt tempore tempora.', 112, 2, 6, '2018-06-17 18:58:20', '2018-06-17 18:58:20'),
(44, 'magnam', 'Cum veritatis quibusdam quasi magni ipsa. Veritatis sed atque repellendus ipsum ratione et facilis. Corporis qui minus minus ut repudiandae non beatae.', 196, 7, 22, '2018-06-17 18:58:20', '2018-06-17 18:58:20'),
(45, 'nihil', 'Eos consequatur veritatis explicabo consequatur occaecati. Laboriosam ipsa adipisci natus animi quas recusandae perspiciatis. Aut animi ipsum nam neque. Animi veritatis numquam ex odio suscipit doloremque aut.', 666, 5, 12, '2018-06-17 18:58:20', '2018-06-17 18:58:20'),
(46, 'ipsum', 'Odio impedit velit veritatis et quaerat laboriosam dolor. Quia laborum et eos sit et ad et non. Debitis temporibus eos repudiandae sit quis omnis numquam. Esse voluptas et sit facilis minus corporis sit.', 331, 1, 7, '2018-06-17 18:58:20', '2018-06-17 18:58:20'),
(47, 'eos', 'Ratione itaque non itaque quo. Rem fugiat saepe dolorem porro saepe qui. Autem sed voluptate dicta.', 419, 1, 29, '2018-06-17 18:58:20', '2018-06-17 18:58:20'),
(48, 'commodi', 'Commodi cumque est doloremque nihil quaerat aperiam. Aut cupiditate in at quaerat. Non ea fugiat et et ullam.', 287, 5, 14, '2018-06-17 18:58:20', '2018-06-17 18:58:20'),
(49, 'consequuntur', 'Omnis nobis soluta explicabo ipsum commodi autem est dolorem. Quis dolores sit assumenda veritatis. In aperiam nisi dolorum nihil.', 342, 7, 28, '2018-06-17 18:58:20', '2018-06-17 18:58:20'),
(50, 'suscipit', 'Ad harum sunt quibusdam aspernatur nam. Quia sit officia sit doloribus accusamus incidunt. Libero iusto aut corrupti ratione inventore et dolores. Dolorem expedita temporibus temporibus.', 599, 6, 30, '2018-06-17 18:58:20', '2018-06-17 18:58:20'),
(51, 'sunt', 'Eveniet dolores vel adipisci assumenda consequatur. Dolorem blanditiis error et labore eum atque cumque. Dolorem explicabo magnam ipsam et rerum suscipit. Veritatis veritatis labore quia qui ut provident praesentium. Voluptate est doloribus maxime in.', 907, 3, 10, '2018-06-17 18:59:20', '2018-06-17 18:59:20'),
(52, 'voluptates', 'Maiores consequatur tenetur maxime excepturi tenetur enim consectetur expedita. Enim reprehenderit doloribus tempore a reprehenderit est assumenda. Totam sunt non est eum ea distinctio. Beatae ullam expedita corrupti inventore. Minima suscipit assumenda molestiae aut.', 781, 0, 14, '2018-06-17 18:59:20', '2018-06-17 18:59:20'),
(53, 'dolore', 'Libero cumque est qui facere fugiat officia quis. Sunt quo omnis aliquid ut vel sit. Officia voluptatem cupiditate eveniet et eum.', 895, 5, 23, '2018-06-17 18:59:20', '2018-06-17 18:59:20'),
(54, 'est', 'Sit est consequuntur dolorem enim. Et est tempora qui atque. Qui dolor hic ab et odio qui. In quaerat et nostrum animi odio architecto.', 961, 3, 12, '2018-06-17 18:59:20', '2018-06-17 18:59:20'),
(55, 'distinctio', 'Ducimus voluptatem hic atque odio excepturi dolores. Eum porro et et dolores adipisci. Natus ipsa est et nobis explicabo velit. Quam aliquam numquam totam cumque est veritatis.', 769, 2, 18, '2018-06-17 18:59:20', '2018-06-17 18:59:20'),
(56, 'at', 'Molestias perferendis eum quis odit rem nulla dignissimos. Sint dolorum voluptatem inventore itaque natus consequatur amet. Sit quia odit sunt omnis tempore deserunt hic. Iste temporibus ipsam et et sit eveniet adipisci.', 615, 7, 3, '2018-06-17 18:59:20', '2018-06-17 18:59:20'),
(57, 'aut', 'Est voluptatem possimus quibusdam. Rerum totam ipsum et ut sed. Dignissimos nesciunt sequi vel non.', 374, 9, 23, '2018-06-17 18:59:20', '2018-06-17 18:59:20'),
(58, 'sequi', 'Sequi ea est aperiam distinctio molestiae debitis quos. Accusantium non ullam quia est voluptatem iste praesentium. Aut architecto quia tempora quod aut consequatur.', 665, 0, 12, '2018-06-17 18:59:20', '2018-06-17 18:59:20'),
(59, 'iste', 'Magni error neque voluptate sit. Natus laudantium rerum dolorem aut eum. Ipsum omnis molestias asperiores quas eos. Quis quo est beatae minus rerum cumque ut. Corporis quo cupiditate reiciendis perferendis magni.', 150, 4, 17, '2018-06-17 18:59:20', '2018-06-17 18:59:20'),
(60, 'porro', 'Nam aspernatur corporis similique aut vel ipsam. Rerum reiciendis unde et eligendi consequatur. Delectus voluptatem sunt pariatur.', 758, 6, 16, '2018-06-17 18:59:20', '2018-06-17 18:59:20'),
(61, 'cupiditate', 'Omnis veritatis consequatur suscipit aspernatur vel velit. Dolorem earum voluptatum enim minima nobis omnis velit sint. Aliquam accusamus id est architecto quidem aperiam praesentium. Iure sint ex hic quae.', 502, 9, 22, '2018-06-17 18:59:20', '2018-06-17 18:59:20'),
(62, 'alias', 'Optio qui reprehenderit nulla. Voluptas iure consequatur animi consequatur modi. Facere vero nisi ut ipsum. Cum quasi ratione laudantium velit expedita velit.', 138, 5, 26, '2018-06-17 18:59:20', '2018-06-17 18:59:20'),
(63, 'quos', 'Quas quia excepturi laboriosam impedit. Quod repellat qui ut error at est. Laudantium minima itaque sapiente ea modi nam.', 929, 0, 2, '2018-06-17 18:59:20', '2018-06-17 18:59:20'),
(64, 'omnis', 'Et velit qui voluptatem. Et commodi occaecati est ut error corporis dolores. At eaque quos enim sit rerum. Pariatur sed numquam et ab corrupti.', 533, 0, 25, '2018-06-17 18:59:20', '2018-06-17 18:59:20'),
(65, 'magnam', 'Aut dolores et sed assumenda ut modi qui. Est consectetur ipsa architecto consequatur corporis error. Eum repudiandae dolor quo distinctio minus. Est sunt sit consequuntur error ipsum.', 311, 3, 7, '2018-06-17 18:59:20', '2018-06-17 18:59:20'),
(66, 'dignissimos', 'Dolorem architecto assumenda fuga dolore. Provident voluptatem quas nesciunt minus cumque. Iure est vitae facilis iure.', 733, 9, 6, '2018-06-17 18:59:20', '2018-06-17 18:59:20'),
(67, 'minus', 'Quia fugit explicabo quo velit et harum reprehenderit vitae. Laborum reprehenderit voluptatem magni rem fugiat voluptas et sunt. Animi repudiandae quo corporis rerum qui. Consectetur error corrupti magni dolor quam.', 375, 3, 2, '2018-06-17 18:59:20', '2018-06-17 18:59:20'),
(68, 'aut', 'Suscipit et exercitationem nostrum quia sunt et. Omnis id quo voluptatem voluptas sit.', 559, 1, 15, '2018-06-17 18:59:20', '2018-06-17 18:59:20'),
(69, 'aspernatur', 'Quia et nulla perspiciatis deserunt harum totam consectetur. Cumque ab est dignissimos. Ea possimus quia deserunt non iure hic.', 454, 3, 14, '2018-06-17 18:59:20', '2018-06-17 18:59:20'),
(70, 'iste', 'Libero animi natus qui voluptates qui id. Deleniti aliquam quam quis natus. Dolor voluptates et rem et. Est dolorem incidunt et et.', 753, 3, 26, '2018-06-17 18:59:20', '2018-06-17 18:59:20'),
(71, 'qui', 'Fugiat quia occaecati voluptatum nesciunt. Voluptatem perferendis provident eaque et omnis ex provident earum. Est incidunt omnis sed fugiat quia ipsa. Vitae et molestias qui magnam similique animi.', 233, 0, 22, '2018-06-17 18:59:20', '2018-06-17 18:59:20'),
(72, 'praesentium', 'Laborum unde dolor quia quia ut totam animi beatae. Asperiores nulla veritatis quia. Corrupti vitae itaque inventore facilis et omnis sunt. Omnis voluptatibus non aliquid. Natus ea expedita iure ratione maxime sit.', 208, 4, 21, '2018-06-17 18:59:20', '2018-06-17 18:59:20'),
(73, 'qui', 'Voluptatum sit ab esse hic tempora occaecati nemo. Perferendis quo molestiae vel et. Corrupti numquam eum aut laborum nemo. Cum libero ipsa est.', 919, 4, 19, '2018-06-17 18:59:20', '2018-06-17 18:59:20'),
(74, 'voluptas', 'Temporibus autem quaerat numquam est veniam corporis. Unde officia aut blanditiis reprehenderit et. Sapiente praesentium ut dolore sunt animi deserunt aut velit. Consectetur sapiente eum eius similique unde.', 659, 4, 23, '2018-06-17 18:59:20', '2018-06-17 18:59:20'),
(75, 'et', 'Corrupti ducimus neque quis dolores explicabo. Blanditiis perspiciatis optio voluptas odio voluptatem rerum aspernatur. Et eos quisquam consectetur consequuntur.', 795, 6, 20, '2018-06-17 18:59:20', '2018-06-17 18:59:20'),
(76, 'numquam', 'Error velit molestiae est in ut necessitatibus sequi. Commodi incidunt qui qui enim at odit. Voluptatem nihil atque doloremque quia maxime dolor doloribus.', 238, 1, 8, '2018-06-17 18:59:20', '2018-06-17 18:59:20'),
(77, 'necessitatibus', 'Voluptas cumque aut iusto voluptates. Animi quisquam recusandae qui delectus ut eius. Voluptatem odit voluptatum aperiam assumenda praesentium in ipsa. Quo quod aut ut non libero.', 901, 7, 26, '2018-06-17 18:59:20', '2018-06-17 18:59:20'),
(78, 'qui', 'Non excepturi culpa vero. Repellendus sunt in dolores voluptatem ea. Dicta est ex nesciunt in ipsum eveniet.', 476, 8, 14, '2018-06-17 18:59:20', '2018-06-17 18:59:20'),
(79, 'ullam', 'Ut illum autem quia quod deleniti. Quia veniam quo quis modi unde. Sed impedit fugiat adipisci reiciendis sunt cupiditate.', 961, 7, 11, '2018-06-17 18:59:20', '2018-06-17 18:59:20'),
(80, 'reprehenderit', 'Sint numquam ad optio optio similique. Exercitationem reiciendis est dignissimos vel. Voluptas ut numquam qui. Quo ipsum tempore eum sunt magni dolorem voluptatem.', 788, 2, 3, '2018-06-17 18:59:20', '2018-06-17 18:59:20'),
(81, 'distinctio', 'Enim aut quisquam totam. Deleniti non atque et aperiam. Quas tempora enim quis animi occaecati. Sapiente et animi adipisci reprehenderit aut. Quia impedit in cupiditate sint asperiores eum.', 917, 2, 20, '2018-06-17 18:59:20', '2018-06-17 18:59:20'),
(82, 'et', 'Perferendis amet consequatur sequi omnis cum recusandae soluta sed. Similique repellendus et ad aliquam eos. Fuga accusamus quia accusantium eveniet consequuntur.', 324, 0, 2, '2018-06-17 18:59:20', '2018-06-17 18:59:20'),
(83, 'id', 'Doloremque provident asperiores quasi incidunt quia veniam nobis. Sed ratione et officia ipsum quis provident consequatur. Et aut voluptate odio ipsam porro sapiente. Iure aperiam vero soluta officiis voluptatum eius quisquam.', 395, 0, 4, '2018-06-17 18:59:20', '2018-06-17 18:59:20'),
(84, 'saepe', 'Voluptas non ab aut accusamus voluptatem molestias. Laborum ea aliquam iure corporis suscipit laudantium consequatur minus. Explicabo veritatis fugit totam omnis quidem numquam amet.', 781, 9, 6, '2018-06-17 18:59:20', '2018-06-17 18:59:20'),
(85, 'distinctio', 'Quasi accusamus alias inventore voluptatem. Doloribus beatae amet autem ipsum ullam sint. Est commodi ut sit sequi ut ad. Ut illum qui ut culpa sint.', 809, 0, 29, '2018-06-17 18:59:20', '2018-06-17 18:59:20'),
(86, 'hic', 'At corrupti amet aut atque. Optio necessitatibus quae voluptatem corporis distinctio maiores. Sunt odit reiciendis earum quasi nobis aut. Voluptatum pariatur nesciunt inventore et itaque vitae rem.', 958, 4, 13, '2018-06-17 18:59:20', '2018-06-17 18:59:20'),
(87, 'ad', 'Omnis esse dignissimos qui culpa pariatur a. Perspiciatis modi est repellat est inventore ea facilis. Adipisci in omnis animi.', 937, 3, 2, '2018-06-17 18:59:20', '2018-06-17 18:59:20'),
(88, 'quis', 'Dolor eveniet sunt est illum sit in eligendi officiis. Ipsam aperiam qui et necessitatibus eum. Fuga rem quo et in at magni. Dignissimos reprehenderit in magnam exercitationem quasi sunt quis culpa.', 399, 0, 24, '2018-06-17 18:59:20', '2018-06-17 18:59:20'),
(89, 'nostrum', 'Molestiae accusamus quas in. Eaque quia dolore in qui occaecati eveniet nisi. Possimus eius qui rem. Ut doloremque a voluptas atque quia enim ut rerum.', 951, 4, 11, '2018-06-17 18:59:20', '2018-06-17 18:59:20'),
(90, 'sequi', 'Laborum labore provident at aut velit iure perspiciatis. Corporis adipisci ut est ea unde magni sit sed. Illum voluptatem atque voluptates incidunt quo omnis.', 423, 7, 28, '2018-06-17 18:59:20', '2018-06-17 18:59:20'),
(91, 'earum', 'Quis quaerat dicta tempora alias est. Facere animi magnam eos dignissimos quas exercitationem cupiditate. Est itaque ex voluptas at adipisci aut.', 501, 8, 30, '2018-06-17 18:59:20', '2018-06-17 18:59:20'),
(92, 'officiis', 'Iusto aperiam facilis assumenda at. Laudantium dolores non nihil doloribus quasi beatae. Aut saepe et aut quas.', 117, 2, 19, '2018-06-17 18:59:20', '2018-06-17 18:59:20'),
(93, 'aut', 'Sed molestiae sunt ipsum nulla consequatur quia facilis. Alias et occaecati velit aliquam.', 906, 9, 12, '2018-06-17 18:59:20', '2018-06-17 18:59:20'),
(94, 'officiis', 'Non et tenetur hic aspernatur. Libero nam commodi cum atque ducimus delectus veritatis. Fugit aut repellat consequuntur laboriosam occaecati ipsa.', 826, 5, 13, '2018-06-17 18:59:20', '2018-06-17 18:59:20'),
(95, 'voluptatibus', 'Aut ut fugit eos quisquam. Maiores non incidunt commodi vero ut id. In eos sit aut et distinctio. Sit exercitationem quae eos placeat. Temporibus officia perferendis aliquid ipsam.', 366, 6, 23, '2018-06-17 18:59:20', '2018-06-17 18:59:20'),
(96, 'at', 'Nobis vel deleniti impedit maxime et eum. Facere necessitatibus in placeat. Doloribus tenetur magni eligendi deserunt magnam doloremque nam et.', 355, 9, 24, '2018-06-17 18:59:20', '2018-06-17 18:59:20'),
(97, 'fugit', 'Nesciunt aliquam ut adipisci earum iure voluptate laboriosam hic. Doloremque veritatis eum similique quaerat assumenda consequuntur.', 993, 9, 24, '2018-06-17 18:59:20', '2018-06-17 18:59:20'),
(98, 'blanditiis', 'Occaecati atque corporis rerum adipisci cupiditate. Maxime facilis numquam est rem consequatur. Necessitatibus commodi voluptatem ea pariatur.', 957, 0, 8, '2018-06-17 18:59:20', '2018-06-17 18:59:20'),
(99, 'voluptates', 'Ipsam odit eos quia incidunt placeat. Neque est aut rem porro.', 822, 0, 17, '2018-06-17 18:59:20', '2018-06-17 18:59:20'),
(100, 'architecto', 'Optio saepe distinctio rerum pariatur saepe. Consequatur quas perferendis architecto et aut. Ex qui ratione libero ullam.', 871, 3, 30, '2018-06-17 18:59:20', '2018-06-17 18:59:20');

-- --------------------------------------------------------

--
-- Table structure for table `reviews`
--

CREATE TABLE `reviews` (
  `id` int(10) UNSIGNED NOT NULL,
  `product_id` int(10) UNSIGNED NOT NULL,
  `customer` varchar(191) COLLATE utf8mb4_unicode_ci NOT NULL,
  `review` text COLLATE utf8mb4_unicode_ci NOT NULL,
  `star` int(11) NOT NULL,
  `created_at` timestamp NULL DEFAULT NULL,
  `updated_at` timestamp NULL DEFAULT NULL
) ENGINE=InnoDB DEFAULT CHARSET=utf8mb4 COLLATE=utf8mb4_unicode_ci;

--
-- Dumping data for table `reviews`
--

INSERT INTO `reviews` (`id`, `product_id`, `customer`, `review`, `star`, `created_at`, `updated_at`) VALUES
(1, 22, 'Era Morissette', 'Neque omnis atque consectetur reprehenderit sit voluptas. Totam nisi voluptas quia pariatur et ab ducimus vero. Commodi illo rem harum adipisci.', 0, '2018-06-17 18:59:21', '2018-06-17 18:59:21'),
(2, 19, 'Neha Gleichner', 'Inventore accusantium perspiciatis earum consequatur. Qui non corporis qui ducimus dicta. Autem fuga aut omnis fugit earum et repellat.', 1, '2018-06-17 18:59:21', '2018-06-17 18:59:21'),
(3, 25, 'Mr. Dawson Spencer III', 'Aut nihil a eius magnam labore. Provident dolorem et possimus fuga ex. Delectus natus laboriosam officia dolorem quia magni. Et in deserunt eos eveniet accusamus molestiae quia.', 1, '2018-06-17 18:59:21', '2018-06-17 18:59:21'),
(4, 18, 'Rahsaan Bosco', 'Eum expedita repellendus distinctio eligendi numquam. Cumque explicabo facere repellat. Ipsam repudiandae nesciunt nobis reiciendis. Amet modi debitis impedit officia. Eaque aperiam in veritatis veniam consequuntur harum.', 5, '2018-06-17 18:59:21', '2018-06-17 18:59:21'),
(5, 61, 'Zelma Boehm', 'Adipisci quae aut tempore eveniet recusandae. Totam delectus magnam ut et modi odit quos. Quaerat laudantium et ab quis eligendi.', 0, '2018-06-17 18:59:21', '2018-06-17 18:59:21'),
(6, 8, 'Mr. Karley Gleason', 'Reiciendis nisi mollitia voluptatibus possimus voluptas vel ut in. Cupiditate eum velit eaque consequuntur eum. Aliquam ipsa adipisci blanditiis quibusdam cumque quo ex tenetur. Soluta aut dignissimos suscipit perferendis. Doloribus molestiae vero eum repellendus.', 4, '2018-06-17 18:59:21', '2018-06-17 18:59:21'),
(7, 69, 'Jamarcus Barton', 'Qui accusamus doloribus voluptatum corporis alias. Beatae et ipsam error. Culpa non velit numquam deleniti provident est aut.', 4, '2018-06-17 18:59:21', '2018-06-17 18:59:21'),
(8, 41, 'Dr. Rogelio Satterfield PhD', 'Quam qui laborum earum saepe explicabo amet. Dicta non qui voluptatibus inventore debitis. Qui veniam doloremque vel ex in.', 0, '2018-06-17 18:59:21', '2018-06-17 18:59:21'),
(9, 81, 'Gilberto Pouros', 'Autem quae ipsam aut quia et provident. Dolor vero dolore velit voluptatem odit. Modi vel aliquam ut omnis repellat corrupti ab.', 4, '2018-06-17 18:59:21', '2018-06-17 18:59:21'),
(10, 33, 'Tania Towne V', 'Voluptatum nihil minima ducimus sapiente debitis aut. Eum quia beatae et rerum saepe nihil. Distinctio nostrum voluptatem eius.', 1, '2018-06-17 18:59:21', '2018-06-17 18:59:21'),
(11, 4, 'Patsy Prosacco', 'Est voluptas non voluptatibus consequuntur. Soluta quia possimus aperiam quo. Dignissimos voluptatem quaerat aut modi amet sapiente aut. Voluptate blanditiis itaque a perspiciatis totam ea.', 4, '2018-06-17 18:59:21', '2018-06-17 18:59:21'),
(12, 3, 'Naomie Blanda', 'Rerum suscipit eos impedit dolorum omnis ratione. Accusantium et aut id officiis quibusdam. Quis perspiciatis voluptatum exercitationem eveniet.', 5, '2018-06-17 18:59:21', '2018-06-17 18:59:21'),
(13, 13, 'Cassandre Morissette', 'Veniam ut qui cupiditate quis. Maxime suscipit libero magnam laudantium. Ut aliquam similique voluptatem autem quis quasi delectus. Tenetur odit sit molestiae et vitae.', 0, '2018-06-17 18:59:21', '2018-06-17 18:59:21'),
(14, 52, 'Prof. Jewell Welch Jr.', 'Rerum minus officia dolorum dolore tempore libero. Quisquam aut autem nostrum cumque excepturi. Laboriosam voluptatibus nostrum consectetur omnis.', 5, '2018-06-17 18:59:21', '2018-06-17 18:59:21'),
(15, 70, 'Alyson Watsica IV', 'Omnis neque dolore asperiores incidunt placeat sint quis. Consequatur et non commodi pariatur deleniti quam maxime assumenda. Sequi a harum cumque et. Quis esse optio impedit aliquid culpa placeat.', 1, '2018-06-17 18:59:21', '2018-06-17 18:59:21'),
(16, 15, 'Earl Waelchi', 'Iure nulla eos molestias aut. Quis culpa est accusantium amet nobis omnis. Aut quibusdam et ullam consequatur. Architecto delectus commodi impedit dolorem nostrum atque quod.', 2, '2018-06-17 18:59:21', '2018-06-17 18:59:21'),
(17, 53, 'Petra Keebler', 'Voluptatem fugiat id est est. Eos nulla odit sunt perferendis quae. Sunt veritatis itaque quos iusto possimus natus autem. Et cupiditate omnis esse voluptatibus blanditiis.', 3, '2018-06-17 18:59:21', '2018-06-17 18:59:21'),
(18, 65, 'Ms. Dejah Watsica', 'Minus voluptatem sed voluptas culpa tempora ad. Sapiente natus nemo laboriosam reiciendis iste. Aut dolor eos possimus placeat nemo.', 2, '2018-06-17 18:59:21', '2018-06-17 18:59:21'),
(19, 10, 'Tyree Borer', 'Dolorum nisi dicta necessitatibus pariatur et veniam. Veritatis nemo aperiam voluptas qui qui libero.', 0, '2018-06-17 18:59:21', '2018-06-17 18:59:21'),
(20, 50, 'Dr. Mae Cummings', 'Quia officia nam ad ipsum libero alias exercitationem consequuntur. Voluptatibus possimus optio totam voluptas sit aut.', 1, '2018-06-17 18:59:21', '2018-06-17 18:59:21'),
(21, 76, 'Prof. Holden Davis DDS', 'Ea voluptas fuga voluptas. Culpa facere accusantium libero laboriosam facere. Sit dolor fugiat vero rem et saepe. Reiciendis necessitatibus eveniet aut optio.', 2, '2018-06-17 18:59:21', '2018-06-17 18:59:21'),
(22, 91, 'Erick Berge', 'Ad sunt sed dicta aperiam asperiores quis ab accusantium. Eaque culpa voluptas animi sint sint culpa ad sed. Voluptatum quae nemo sit quo. Eum esse quas animi.', 0, '2018-06-17 18:59:21', '2018-06-17 18:59:21'),
(23, 46, 'Mr. Finn Sawayn', 'Voluptatem ducimus at omnis. Reiciendis dolores laboriosam nihil unde et dicta culpa. Deleniti nisi velit eveniet earum quis provident. Labore itaque autem voluptas similique.', 1, '2018-06-17 18:59:21', '2018-06-17 18:59:21'),
(24, 74, 'Kade Bernier', 'Repudiandae quaerat illum rerum cum voluptas voluptas ipsam sunt. Sit quaerat autem et deleniti iure cum magnam. Dolorum maiores aut recusandae magnam.', 0, '2018-06-17 18:59:21', '2018-06-17 18:59:21'),
(25, 62, 'Mikayla Dibbert', 'Soluta esse perferendis eaque. Ipsa vel eaque repellendus voluptatem maxime.', 0, '2018-06-17 18:59:21', '2018-06-17 18:59:21'),
(26, 82, 'Dr. Abagail Heathcote V', 'Quis debitis inventore repellat odio error nihil dolore. Numquam sunt nulla architecto voluptates et et. Asperiores magnam nihil eos voluptatibus.', 5, '2018-06-17 18:59:21', '2018-06-17 18:59:21'),
(27, 22, 'Mr. Tobin Corwin MD', 'Repudiandae error magni ad ea nulla. Repellat esse quam sequi quo. Asperiores aliquam ut voluptas voluptas ipsa ex laborum.', 5, '2018-06-17 18:59:21', '2018-06-17 18:59:21'),
(28, 22, 'Genevieve Stroman DDS', 'Non sint non est delectus voluptate consequatur mollitia. Possimus repellendus sunt est consequatur commodi accusamus. Ad aut ut fugit voluptatibus fuga.', 2, '2018-06-17 18:59:21', '2018-06-17 18:59:21'),
(29, 89, 'Dave Crona', 'Sit occaecati voluptas animi sed non qui perspiciatis. Nihil corrupti molestias veniam sequi. Velit minus qui veniam rerum.', 4, '2018-06-17 18:59:21', '2018-06-17 18:59:21'),
(30, 58, 'Wilfred Ward', 'Eos omnis laboriosam quo nihil maiores quia nihil. Ipsam necessitatibus et libero. Eum ab et error.', 4, '2018-06-17 18:59:21', '2018-06-17 18:59:21'),
(31, 28, 'Mr. Adriel Moen II', 'Fugiat ad quam excepturi adipisci consequatur nemo. Assumenda saepe cum error error officiis similique quia. Quo laborum quia dicta consectetur voluptatem error quia dicta. Illo non nisi nesciunt.', 2, '2018-06-17 18:59:21', '2018-06-17 18:59:21'),
(32, 49, 'Mr. Aron Walsh', 'Eaque praesentium nam tempore repellat quis quas quasi assumenda. Sit odit atque nemo sequi fuga in eos. Et explicabo veritatis sunt.', 0, '2018-06-17 18:59:21', '2018-06-17 18:59:21'),
(33, 37, 'Maybelle Bruen', 'Vel et excepturi vel minima voluptatem voluptatem. Tempora pariatur voluptatem aut qui ea beatae. Aut sed cupiditate dolorum fuga similique.', 0, '2018-06-17 18:59:21', '2018-06-17 18:59:21'),
(34, 77, 'Prof. Danyka Crona', 'Eos eos voluptatem possimus mollitia. Odit dolorem veniam error ut iste. Quos et debitis iste voluptas id ut velit. Hic aliquam ut quidem earum.', 5, '2018-06-17 18:59:21', '2018-06-17 18:59:21'),
(35, 80, 'Dr. Marlin Bode', 'Ut sunt recusandae omnis amet corrupti adipisci. Et mollitia explicabo veritatis architecto.', 3, '2018-06-17 18:59:21', '2018-06-17 18:59:21'),
(36, 8, 'Mrs. Tamara Wilderman DVM', 'Exercitationem eligendi corrupti delectus est sit. Dolorem voluptatem repudiandae soluta pariatur. Soluta consequatur et consequuntur officia.', 1, '2018-06-17 18:59:21', '2018-06-17 18:59:21'),
(37, 88, 'Retha Roberts', 'Et ut iure veniam architecto. Architecto quibusdam aperiam veritatis eveniet blanditiis nulla. Quis ad rerum esse soluta. Voluptas nam et quos ut quasi.', 4, '2018-06-17 18:59:21', '2018-06-17 18:59:21'),
(38, 56, 'Mrs. Alanis Reinger MD', 'Voluptas repudiandae cum itaque ut dolorem dolorem quia. Ex tenetur aperiam odio sed rerum dolorum fugit odio. Temporibus vitae sit laboriosam possimus.', 0, '2018-06-17 18:59:21', '2018-06-17 18:59:21'),
(39, 30, 'Hillard Witting', 'Odit est tempora nisi laudantium repellendus sunt. Ut et enim accusamus provident eligendi omnis. Accusamus ut ut similique necessitatibus est iste modi.', 3, '2018-06-17 18:59:21', '2018-06-17 18:59:21'),
(40, 94, 'Gideon Dooley IV', 'A officia repudiandae magnam eos quibusdam voluptas. Cumque neque cupiditate numquam dolorem qui quo dicta. Eos tenetur quasi doloribus non. Voluptas unde ut ut explicabo laboriosam veniam.', 1, '2018-06-17 18:59:21', '2018-06-17 18:59:21'),
(41, 60, 'Royal Beahan V', 'Inventore dolorem et repellendus id. Asperiores perferendis rerum quia non ut. Rerum molestiae quo unde dolor in id eaque dolorem. Porro accusantium ea similique eveniet est corrupti voluptatem.', 2, '2018-06-17 18:59:21', '2018-06-17 18:59:21'),
(42, 50, 'Ron Quigley', 'Voluptas facilis minus sed sapiente. Fuga vitae iste eligendi deserunt omnis. Perferendis libero asperiores quaerat.', 1, '2018-06-17 18:59:21', '2018-06-17 18:59:21'),
(43, 34, 'Mr. Unique Runolfsdottir I', 'Fuga occaecati sit labore in aut omnis. Quam qui dolore repellendus assumenda. Soluta odio nihil dolorum aut.', 3, '2018-06-17 18:59:21', '2018-06-17 18:59:21'),
(44, 48, 'Eliane Schumm', 'Id qui molestias iste modi. Perferendis quam dolorem est suscipit. Eius consequatur laudantium autem molestiae expedita architecto. Necessitatibus facilis sed non placeat.', 3, '2018-06-17 18:59:21', '2018-06-17 18:59:21'),
(45, 24, 'Prof. Adelbert Deckow I', 'Et voluptatibus voluptas similique labore. Dicta optio earum pariatur voluptatum. Rerum voluptatem est autem sed nihil earum velit. Sunt aut rem ab et tenetur assumenda. Odit aliquam in odit.', 1, '2018-06-17 18:59:21', '2018-06-17 18:59:21'),
(46, 14, 'Nash Pfeffer', 'Eos totam ea voluptas sit ad occaecati repellendus. Quia sequi similique neque inventore. Ut accusantium molestias accusantium sit.', 2, '2018-06-17 18:59:21', '2018-06-17 18:59:21'),
(47, 25, 'Dr. Sid Bailey', 'Molestiae quis illo at facilis deleniti. Sit ea magnam iure temporibus. Nulla velit ut illum in debitis. Quos ex voluptatem perspiciatis et.', 1, '2018-06-17 18:59:21', '2018-06-17 18:59:21'),
(48, 33, 'Julie Towne II', 'Vel exercitationem dolor rem dolorum omnis. Nihil voluptatem maxime consequatur assumenda voluptatibus impedit. Blanditiis accusantium voluptatem laborum molestias qui doloremque similique consequatur.', 3, '2018-06-17 18:59:21', '2018-06-17 18:59:21'),
(49, 7, 'Candice Schaefer', 'Perferendis minima qui ut doloremque ipsam pariatur. Quas velit qui veritatis ullam deserunt ad cupiditate. Voluptatem qui qui dolor id repellat placeat. A neque rerum vel rem in dolorum non. Sint nihil iusto dolorem architecto sit.', 4, '2018-06-17 18:59:21', '2018-06-17 18:59:21'),
(50, 17, 'Mr. Jaycee Gerlach V', 'Vitae doloribus molestiae expedita explicabo similique. Aut vel et accusamus quasi consequatur aliquid qui eaque. Molestiae beatae ut eaque eos quam omnis. Et quas in aliquam eum id velit. Aliquam quos quis beatae dolor.', 0, '2018-06-17 18:59:21', '2018-06-17 18:59:21'),
(51, 84, 'Robyn Hessel', 'Amet eos est atque provident sunt explicabo. Voluptatem perspiciatis odio est qui voluptatum odit unde. Sed quia quos eligendi aspernatur dolorum maiores.', 4, '2018-06-17 18:59:21', '2018-06-17 18:59:21'),
(52, 2, 'Vivian Moore', 'Quo tempore aut rerum quam. Quo consequuntur error quo dolore. Non est sit assumenda minus omnis accusamus.', 2, '2018-06-17 18:59:21', '2018-06-17 18:59:21'),
(53, 93, 'Aric Skiles', 'Culpa occaecati error vitae dolorem est. Consequatur non quis asperiores blanditiis magnam laborum voluptate. Repellat doloribus velit recusandae quis et consequuntur expedita. Tempore voluptates id sunt possimus in libero cum dignissimos.', 1, '2018-06-17 18:59:21', '2018-06-17 18:59:21'),
(54, 31, 'Deangelo Cormier', 'Quia blanditiis inventore error eum et. Consequatur atque praesentium sint iusto ea nostrum perferendis perferendis. Dolorem ea dolore consequatur explicabo. Nostrum rem debitis eos est facilis illum.', 5, '2018-06-17 18:59:21', '2018-06-17 18:59:21'),
(55, 83, 'Prof. Rick Denesik', 'Consequatur non quo natus accusantium. Iste cum voluptate voluptatem alias provident corporis. Porro quasi repellat omnis nemo.', 3, '2018-06-17 18:59:21', '2018-06-17 18:59:21'),
(56, 38, 'Jennie Senger', 'Eos repellendus voluptate non reiciendis iusto totam nulla sunt. Veniam aspernatur qui expedita aut est. Rerum rerum fugit sit maxime rerum veniam.', 1, '2018-06-17 18:59:21', '2018-06-17 18:59:21'),
(57, 15, 'Merl Zieme', 'Dolore dolor atque repellendus quo eum fuga natus corporis. Et ad enim et voluptatem voluptate quis nihil. Velit repudiandae voluptas quas perspiciatis. Sint non praesentium accusantium rerum culpa.', 0, '2018-06-17 18:59:21', '2018-06-17 18:59:21'),
(58, 86, 'Roxanne Howe', 'Vero eos accusantium dolores nihil et. Distinctio consequatur beatae corporis voluptas debitis saepe ea. Expedita optio sed quidem voluptas.', 1, '2018-06-17 18:59:21', '2018-06-17 18:59:21'),
(59, 93, 'Vena Schultz', 'Et ea qui maxime in ab. Dolor dolorem consectetur explicabo consequatur ab iste tempore. Esse suscipit tempora sed consequatur recusandae nisi omnis. Sapiente facilis rerum placeat illo architecto.', 0, '2018-06-17 18:59:21', '2018-06-17 18:59:21'),
(60, 21, 'Prof. Colin Fisher IV', 'Inventore aliquid explicabo magnam molestiae at sit temporibus. Incidunt libero nesciunt aut non eveniet deserunt. Nam recusandae officiis dolore quam enim mollitia laborum.', 3, '2018-06-17 18:59:21', '2018-06-17 18:59:21'),
(61, 24, 'Nick Reinger', 'Voluptates nostrum reprehenderit quo impedit est reprehenderit. Consequatur ullam suscipit non aut illo quis voluptate. Quidem facere dicta aut officiis reiciendis. Aspernatur commodi laudantium eos adipisci eaque ab.', 1, '2018-06-17 18:59:21', '2018-06-17 18:59:21'),
(62, 84, 'Dr. Olen Conn', 'Aut est vitae ipsam. Quisquam veritatis veritatis excepturi porro qui molestiae ad. Doloribus temporibus repellat culpa ex occaecati. Placeat voluptatibus ea debitis necessitatibus porro atque suscipit.', 1, '2018-06-17 18:59:21', '2018-06-17 18:59:21'),
(63, 84, 'Seamus Grady', 'Magnam similique perspiciatis consequatur architecto autem dolores. Dolor reiciendis veniam officia sed. Tenetur illum deserunt quia quos non. Sit nihil expedita ipsum.', 4, '2018-06-17 18:59:21', '2018-06-17 18:59:21'),
(64, 77, 'Dr. Enrique Kub', 'Libero qui animi perferendis sed et. Fuga omnis nesciunt itaque quaerat quod expedita. Dignissimos non tempora eum tenetur aliquid nemo. Dolores quia suscipit sunt quam sit.', 4, '2018-06-17 18:59:21', '2018-06-17 18:59:21'),
(65, 55, 'Mrs. Nannie Schumm DDS', 'Inventore reiciendis non quis magni consequatur in. Delectus aut nihil ut sunt praesentium nulla. Illum aut laboriosam laudantium est.', 4, '2018-06-17 18:59:21', '2018-06-17 18:59:21'),
(66, 50, 'Mrs. Lizzie Bosco', 'Voluptate qui in et doloremque. Sed deleniti magni repellat occaecati qui. Et cumque rerum quis consequatur eius rerum. Laborum vero velit dolorum id vel ex quod.', 4, '2018-06-17 18:59:21', '2018-06-17 18:59:21'),
(67, 47, 'Solon Goldner', 'Possimus commodi molestias odio nisi. Aliquam et voluptas voluptas velit nulla.', 5, '2018-06-17 18:59:21', '2018-06-17 18:59:21'),
(68, 2, 'Dr. Maximilian Baumbach II', 'Voluptatem maiores vero placeat et iste exercitationem. Tenetur alias aut et et. Sed eos est alias itaque sequi hic beatae voluptatum.', 1, '2018-06-17 18:59:21', '2018-06-17 18:59:21'),
(69, 15, 'Dr. Royal Crooks', 'In rerum illum laudantium amet. Eum ducimus officia molestiae voluptatibus libero. Temporibus numquam hic quia.', 5, '2018-06-17 18:59:21', '2018-06-17 18:59:21'),
(70, 51, 'Ludie Frami', 'Repellat veniam quod veniam. Officiis est quia aut et. Qui quae earum non praesentium deleniti ut possimus.', 5, '2018-06-17 18:59:21', '2018-06-17 18:59:21'),
(71, 20, 'Rhiannon Mayer', 'Voluptatibus autem repellendus tenetur dolor nemo fugiat consequuntur vero. Et qui explicabo repudiandae vero commodi soluta. Aut rem vel et tempora non.', 1, '2018-06-17 18:59:21', '2018-06-17 18:59:21'),
(72, 75, 'Marian Blick', 'Temporibus non reprehenderit libero et eum et et. Neque sed in quisquam quas veritatis sit ducimus nam. Quo voluptatem earum soluta hic eaque odio odit. Sint esse blanditiis doloremque repudiandae voluptas omnis sed. Quo consequatur velit debitis corporis est.', 4, '2018-06-17 18:59:21', '2018-06-17 18:59:21'),
(73, 79, 'Lucinda Romaguera', 'Labore fuga qui tempore aut vel aliquid. Tenetur iste ut in odit. Ut non enim error necessitatibus nisi voluptate maxime.', 2, '2018-06-17 18:59:22', '2018-06-17 18:59:22'),
(74, 74, 'Viola Jerde MD', 'Quam odit distinctio dicta dolores. Voluptatem saepe totam facere distinctio. Laboriosam ut aspernatur quos asperiores ea eveniet. Soluta inventore at impedit.', 2, '2018-06-17 18:59:22', '2018-06-17 18:59:22'),
(75, 15, 'Ms. Mikayla Buckridge MD', 'Iusto iure voluptatem eaque error non et et explicabo. Neque consequuntur deserunt ut hic. Dolores dolor voluptatem aut sint magnam deserunt deleniti error. Fuga qui non aut distinctio ad quo.', 2, '2018-06-17 18:59:22', '2018-06-17 18:59:22'),
(76, 3, 'Jo Leannon', 'Quis aut eum rerum ipsum officia. In sunt pariatur ut consequuntur sequi. Omnis quidem et vero sit omnis.', 4, '2018-06-17 18:59:22', '2018-06-17 18:59:22'),
(77, 4, 'Dr. Kathlyn Wisozk V', 'Fuga numquam non aut. Et praesentium rerum nihil quo cumque harum. Aperiam aliquid et ratione laudantium delectus et ipsa deleniti. Dolore quisquam debitis quis in dolores error.', 1, '2018-06-17 18:59:22', '2018-06-17 18:59:22'),
(78, 68, 'Dr. Creola Pacocha IV', 'At rerum sed sed accusantium architecto qui excepturi doloremque. Sed quod aut dolores quod pariatur ea. Et doloremque quia repellendus magnam ullam enim. Atque suscipit sit et mollitia quas in et.', 2, '2018-06-17 18:59:22', '2018-06-17 18:59:22'),
(79, 49, 'Lucy Willms', 'Occaecati consequuntur sit perspiciatis sunt reprehenderit. Ad aut est sit inventore rerum. Voluptas hic qui eum culpa corrupti.', 0, '2018-06-17 18:59:22', '2018-06-17 18:59:22'),
(80, 36, 'Lera Emmerich', 'Sunt sed molestiae enim saepe dolores corporis. Est officia aliquam dignissimos dolor. Et repellat nesciunt est consequatur quaerat ullam consequatur.', 1, '2018-06-17 18:59:22', '2018-06-17 18:59:22'),
(81, 12, 'Meagan O\'Hara', 'Voluptatibus voluptatem necessitatibus vel nihil non sapiente. Labore enim occaecati inventore quo. Ab distinctio fugiat debitis voluptatem non veniam eaque quisquam. Corrupti sed dignissimos dolores voluptatibus.', 1, '2018-06-17 18:59:22', '2018-06-17 18:59:22'),
(82, 13, 'Gunner Stoltenberg', 'Voluptas vitae perspiciatis eum occaecati aut ducimus ea. Distinctio reiciendis ipsa atque pariatur asperiores soluta nihil. At numquam in tenetur qui quos et qui cupiditate. Et voluptatibus quisquam et.', 5, '2018-06-17 18:59:22', '2018-06-17 18:59:22'),
(83, 100, 'Vida Leffler Jr.', 'Rerum id aliquid exercitationem dolorem. Consequatur et eius voluptate quia. Minima aut qui ea. Itaque sed et repudiandae sunt ipsam.', 2, '2018-06-17 18:59:22', '2018-06-17 18:59:22'),
(84, 7, 'Dalton Gottlieb', 'Velit hic doloribus exercitationem qui aspernatur qui quibusdam. Voluptatem sed totam at corrupti temporibus iure sit qui. Dolor quia nihil beatae dicta labore et non.', 5, '2018-06-17 18:59:22', '2018-06-17 18:59:22'),
(85, 13, 'Dangelo Schuster', 'Quo et rerum id beatae. Totam est reiciendis porro quis qui et. Magni exercitationem nisi quam laborum. Ex animi similique eos porro sequi.', 5, '2018-06-17 18:59:22', '2018-06-17 18:59:22'),
(86, 2, 'Hailey Lowe', 'Sit aut temporibus eos unde ex minima. Et aliquid reiciendis sed dolorum et corrupti officia. Qui dolorem dolorem doloribus asperiores. Soluta aliquid quia necessitatibus quia.', 4, '2018-06-17 18:59:22', '2018-06-17 18:59:22'),
(87, 64, 'Neha Tromp', 'Quia officia pariatur aut sed quaerat sit placeat. Recusandae iste in qui rerum voluptates unde ipsa. Asperiores non et consequatur porro veritatis modi. Iure cupiditate deserunt vitae et voluptas commodi.', 4, '2018-06-17 18:59:22', '2018-06-17 18:59:22'),
(88, 34, 'Myah Bogisich', 'Eum quae voluptatum aliquid voluptas voluptatem consequatur porro. Ut qui minus beatae voluptates et. Veniam nulla ad dicta porro.', 0, '2018-06-17 18:59:22', '2018-06-17 18:59:22'),
(89, 63, 'Stacy Kiehn DVM', 'Aspernatur numquam officia id nam. Ad dolore rerum rem rem neque omnis. Iste saepe delectus aperiam eos ipsum. Rerum voluptatem qui doloremque modi est inventore. Consequatur rerum fuga ducimus rerum est similique.', 4, '2018-06-17 18:59:22', '2018-06-17 18:59:22'),
(90, 50, 'Mr. Hunter Smith Sr.', 'Sed sint voluptates libero labore. Voluptatem et illum et facere consectetur. Porro beatae quidem id magnam.', 3, '2018-06-17 18:59:22', '2018-06-17 18:59:22'),
(91, 8, 'Carissa Ernser Sr.', 'Sed ullam voluptas possimus vel harum ex ratione quo. Omnis perspiciatis rerum aut quaerat velit. Voluptatibus vitae praesentium perspiciatis est. Sint autem assumenda possimus unde. Corrupti ipsum aut voluptatum nobis consectetur beatae non.', 5, '2018-06-17 18:59:22', '2018-06-17 18:59:22'),
(92, 17, 'Sean Metz III', 'Ducimus eos dolore quibusdam. Tenetur non id nesciunt vero atque ab. Odit ea ad provident vero blanditiis.', 5, '2018-06-17 18:59:22', '2018-06-17 18:59:22'),
(93, 76, 'Amaya Witting', 'Maxime et ut eveniet sapiente voluptatem. Omnis enim quas dolore quidem. Quia qui facere dolores nisi est blanditiis consequuntur.', 4, '2018-06-17 18:59:22', '2018-06-17 18:59:22'),
(94, 42, 'Mr. Fermin Effertz', 'Repellendus et dolorum illo necessitatibus deserunt. Laborum et eos dolorem. Sit quasi et et minima. Veritatis aliquam itaque nisi veritatis voluptatibus doloribus.', 4, '2018-06-17 18:59:22', '2018-06-17 18:59:22'),
(95, 87, 'Dr. Dayana Kirlin', 'Voluptas eum numquam ducimus sint vero aut perferendis sit. Voluptatibus tempora laudantium rem enim. Minus suscipit consequatur aspernatur praesentium unde. Corrupti consequuntur error autem.', 5, '2018-06-17 18:59:22', '2018-06-17 18:59:22'),
(96, 40, 'Nola Bayer', 'Id omnis tempore voluptatum quo et. Natus voluptatum eveniet autem reprehenderit optio a. Accusamus expedita fugiat amet enim adipisci. Voluptas repellat voluptates facilis.', 2, '2018-06-17 18:59:22', '2018-06-17 18:59:22'),
(97, 87, 'Damian Schmitt', 'Sit sequi ipsam hic. Sit necessitatibus autem sit eos repellat sapiente et. Quam aut quis at hic quia omnis porro.', 5, '2018-06-17 18:59:22', '2018-06-17 18:59:22'),
(98, 86, 'Pete Wiza', 'Labore omnis iste est natus aut libero eos dolorem. Et qui dolor non suscipit rerum inventore. Sunt vitae non neque odio.', 3, '2018-06-17 18:59:22', '2018-06-17 18:59:22'),
(99, 45, 'Leonel Jakubowski', 'Omnis blanditiis voluptate sed explicabo omnis et. Nostrum deleniti aut quia qui. Veniam ea rem optio possimus omnis repellendus.', 1, '2018-06-17 18:59:22', '2018-06-17 18:59:22'),
(100, 48, 'Darrion Murazik', 'Sunt corporis est blanditiis sapiente quia inventore. Alias corrupti a at rem mollitia aliquid iure cupiditate. Voluptatem sit aliquid vero aut. Sunt doloribus blanditiis a voluptatem.', 1, '2018-06-17 18:59:22', '2018-06-17 18:59:22'),
(101, 2, 'Elenora Ondricka', 'Aut sapiente ut et perspiciatis aliquam facere. Consequuntur qui velit enim accusamus. Magni assumenda qui fugiat sunt voluptatem qui labore. Et animi saepe eum voluptatem eligendi.', 3, '2018-06-17 18:59:22', '2018-06-17 18:59:22'),
(102, 78, 'Maximillian Rice', 'Natus quia quam repellendus quo. Perspiciatis quis est voluptatem ab aspernatur praesentium deleniti. Ut autem voluptatibus totam consequatur atque aspernatur.', 2, '2018-06-17 18:59:22', '2018-06-17 18:59:22'),
(103, 82, 'Mrs. Helen Turner MD', 'Aspernatur facere fuga autem iure facilis. Id et veniam autem est qui ratione impedit. Occaecati facere sapiente tempore maxime nihil.', 2, '2018-06-17 18:59:22', '2018-06-17 18:59:22'),
(104, 19, 'Kellie Parisian PhD', 'Sit incidunt est sed cumque tenetur quasi et. Nostrum explicabo dolorem quasi excepturi. Sed consequatur et tenetur earum.', 2, '2018-06-17 18:59:22', '2018-06-17 18:59:22'),
(105, 21, 'Eveline Barrows', 'Voluptatem recusandae sit iusto sed. Consequuntur mollitia consequuntur iure asperiores cum sint pariatur. Placeat cupiditate ducimus consequatur non.', 0, '2018-06-17 18:59:22', '2018-06-17 18:59:22'),
(106, 19, 'Erin Conn', 'Tenetur nihil quos rerum dolor veniam maiores et ut. Officia optio totam quia id voluptatem. Enim nam non id consectetur ipsum.', 3, '2018-06-17 18:59:22', '2018-06-17 18:59:22'),
(107, 80, 'Wiley Block', 'Fugiat odio soluta officiis. Dolorum hic eum est. Est harum et ex omnis optio aperiam tenetur.', 3, '2018-06-17 18:59:22', '2018-06-17 18:59:22'),
(108, 21, 'Wilburn Kohler', 'Sit nesciunt atque voluptate fuga nam. Et numquam sunt qui eaque. Mollitia corporis nihil ut quidem.', 5, '2018-06-17 18:59:22', '2018-06-17 18:59:22'),
(109, 55, 'Jalyn Satterfield', 'Ea repudiandae et sed adipisci eius. Quis veniam quidem ducimus. Ea fugiat est quibusdam nihil reiciendis.', 2, '2018-06-17 18:59:22', '2018-06-17 18:59:22'),
(110, 39, 'Mrs. Josephine Reynolds PhD', 'Ipsum et officiis et et eum provident. Necessitatibus modi molestias omnis sed quae dicta. Nobis autem fugiat blanditiis sed maiores maiores consectetur similique.', 3, '2018-06-17 18:59:22', '2018-06-17 18:59:22'),
(111, 99, 'Marisa Wiegand', 'Fugiat et est non quidem esse molestiae. Similique aperiam neque quo quis. Dolores ut sed repellendus fugit sed. Quisquam et similique harum. Ullam sint ut amet molestias suscipit enim exercitationem.', 0, '2018-06-17 18:59:22', '2018-06-17 18:59:22'),
(112, 13, 'Thaddeus Kiehn', 'Esse quaerat ab suscipit est sapiente nisi doloremque. Maxime sed consequatur dolores accusamus. A quod delectus odit aut aut et.', 3, '2018-06-17 18:59:22', '2018-06-17 18:59:22'),
(113, 10, 'Dr. Enrico Mosciski', 'Ut ipsam accusamus perferendis dolor fuga. Ea molestias et excepturi non debitis quis. Ut quam tenetur eaque perferendis tenetur sunt et. In ut harum dolor autem reprehenderit id.', 5, '2018-06-17 18:59:22', '2018-06-17 18:59:22'),
(114, 8, 'Prof. Jerrell Aufderhar', 'Ab iste ea eos officia. Atque sunt earum vel cum non harum eligendi.', 1, '2018-06-17 18:59:22', '2018-06-17 18:59:22'),
(115, 27, 'Vern Feest', 'Est enim est eveniet similique dicta. Et enim temporibus ex ut est.', 0, '2018-06-17 18:59:22', '2018-06-17 18:59:22'),
(116, 19, 'Mr. Sim Bahringer Jr.', 'Consequatur quasi et aut eum dignissimos porro. Sit veniam aut sed facere. Omnis dolorum reprehenderit et est odio reprehenderit. Aliquam voluptatum molestias praesentium aut. Omnis excepturi officia dicta.', 0, '2018-06-17 18:59:22', '2018-06-17 18:59:22'),
(117, 98, 'Declan Zieme', 'Vero et deserunt suscipit quos mollitia. Iste quis quis et unde consequatur dolorum doloremque inventore. Provident molestias hic doloremque voluptate aspernatur consequatur eligendi.', 0, '2018-06-17 18:59:22', '2018-06-17 18:59:22'),
(118, 8, 'Dedric Graham I', 'Ut nihil est nulla quas. Ut eveniet officiis quis et eius eligendi non. Quam earum mollitia quaerat non sit.', 3, '2018-06-17 18:59:22', '2018-06-17 18:59:22'),
(119, 13, 'Eloise Pfannerstill II', 'In qui enim voluptas blanditiis excepturi voluptatem qui officia. Inventore placeat nisi ipsam modi et dolorem. Necessitatibus ipsam doloribus sunt et dicta eveniet sit. Vitae ipsa perspiciatis sed qui voluptatem.', 1, '2018-06-17 18:59:22', '2018-06-17 18:59:22'),
(120, 22, 'Otilia Gulgowski', 'Quam nisi voluptate soluta. Facere dolor autem ut impedit atque temporibus reiciendis. Quidem temporibus voluptatem nisi aut. Voluptatum pariatur ut temporibus dolor est.', 4, '2018-06-17 18:59:22', '2018-06-17 18:59:22'),
(121, 30, 'Amy Champlin', 'Voluptatem illum est iusto eius. A aut nihil aut et qui qui est. Ea qui consequatur rerum reiciendis repellat voluptate.', 1, '2018-06-17 18:59:22', '2018-06-17 18:59:22'),
(122, 96, 'Thad Kirlin IV', 'Laudantium expedita aliquam hic placeat consequatur. Rerum aut consequatur et quo ab sequi natus. Est et velit nostrum perferendis placeat consequatur occaecati. Dolor vel ut qui quis iusto nemo accusantium et.', 3, '2018-06-17 18:59:22', '2018-06-17 18:59:22'),
(123, 77, 'Mrs. Elody Cummings MD', 'Officiis rerum culpa laudantium consequatur. Animi repudiandae fuga voluptatibus. Saepe ipsa accusamus dolor sit.', 1, '2018-06-17 18:59:22', '2018-06-17 18:59:22'),
(124, 28, 'Beverly Quitzon', 'Ullam debitis voluptate et adipisci aut sed. Quam eum eaque incidunt ut laboriosam animi. Esse et doloremque magnam ut ut.', 2, '2018-06-17 18:59:22', '2018-06-17 18:59:22'),
(125, 77, 'Miss Esther McDermott', 'Deserunt omnis excepturi qui veniam. Quod eum eaque debitis voluptatibus.', 1, '2018-06-17 18:59:22', '2018-06-17 18:59:22'),
(126, 83, 'Prof. Nash Pagac V', 'Quis consequatur et animi voluptas. Aut natus aut cupiditate ut repellendus culpa quo. Temporibus excepturi nihil dolores ut recusandae. Incidunt ut quasi sit laudantium quam est saepe omnis.', 3, '2018-06-17 18:59:22', '2018-06-17 18:59:22'),
(127, 74, 'Dessie Wisoky', 'Voluptatem eum recusandae itaque est harum. Odio natus qui est quasi molestiae. Tempora magnam quaerat ut reprehenderit. Est autem dolores repellat beatae mollitia.', 1, '2018-06-17 18:59:22', '2018-06-17 18:59:22'),
(128, 69, 'Kirstin Bashirian', 'Atque quo voluptas repudiandae autem in rerum. Molestias asperiores voluptates eos nulla eum illum omnis. Nemo eos pariatur aut repellat. Totam minus sit iusto non ut nemo est a.', 4, '2018-06-17 18:59:22', '2018-06-17 18:59:22'),
(129, 70, 'Mr. Bret Schaefer', 'Est iure quo dolorum voluptas qui et voluptas. Mollitia velit et repellendus et minus est voluptatibus. Nobis molestiae cupiditate et distinctio. Doloremque voluptate minima est voluptas nulla non sapiente.', 2, '2018-06-17 18:59:22', '2018-06-17 18:59:22'),
(130, 96, 'Mrs. Gladyce Ward', 'Vitae quos libero cumque voluptatem rerum. Deleniti vitae ut totam quisquam suscipit minima. Qui fugiat minima possimus explicabo distinctio impedit.', 5, '2018-06-17 18:59:22', '2018-06-17 18:59:22'),
(131, 58, 'Vincenza Gleason', 'Aut eum nihil numquam soluta officiis iste. Et voluptatem velit nemo odit.', 4, '2018-06-17 18:59:22', '2018-06-17 18:59:22'),
(132, 46, 'Tremayne Goodwin DDS', 'Neque tempora aperiam reiciendis corrupti expedita. Recusandae modi quidem accusantium quis reiciendis voluptatem vel. Nulla alias harum molestias aspernatur. Fugiat quasi voluptas perferendis quidem modi quisquam eveniet et.', 2, '2018-06-17 18:59:22', '2018-06-17 18:59:22'),
(133, 33, 'Thaddeus Shanahan', 'Laudantium quod recusandae reiciendis iure voluptatem consectetur rerum animi. Ducimus eos tempora a delectus a sed. Occaecati maxime qui vero adipisci voluptas amet.', 4, '2018-06-17 18:59:22', '2018-06-17 18:59:22'),
(134, 77, 'Prof. Carleton Johnson', 'Sed cumque cum incidunt illo. Aut est quam totam vel qui dolorum consequatur. Sunt aliquam aut vel aliquid corporis.', 2, '2018-06-17 18:59:22', '2018-06-17 18:59:22'),
(135, 19, 'Kolby Nader', 'Esse voluptas est et et voluptas sed est. Et necessitatibus qui ut repellat pariatur numquam natus. Atque ratione nemo a rerum soluta. Aut quis aut et neque.', 2, '2018-06-17 18:59:22', '2018-06-17 18:59:22'),
(136, 33, 'Mr. John Kuhlman', 'Et dolorem id aut aut. Aut dicta dignissimos in eligendi sunt eos fugiat. Quibusdam tempora neque quasi inventore.', 2, '2018-06-17 18:59:22', '2018-06-17 18:59:22'),
(137, 44, 'Dr. Marcos Streich IV', 'Est quos voluptas voluptas recusandae. Aut ea pariatur alias quos explicabo debitis temporibus cupiditate. Neque accusantium sit nihil aut. Corporis odit et omnis ratione.', 3, '2018-06-17 18:59:22', '2018-06-17 18:59:22'),
(138, 11, 'Margarette Nitzsche', 'Et placeat qui velit et. Eveniet culpa rerum quidem voluptatem illum quibusdam accusamus. Qui voluptatum delectus ratione doloribus eum vel. Eligendi debitis consequuntur molestiae qui doloribus. Dolore aut quos sapiente quas eius.', 1, '2018-06-17 18:59:22', '2018-06-17 18:59:22'),
(139, 97, 'Daniela Dietrich', 'Iure quos eaque non doloremque. Aliquam ea aut expedita placeat sed cum quo. Sint ipsa saepe consectetur tempora aut.', 1, '2018-06-17 18:59:22', '2018-06-17 18:59:22'),
(140, 17, 'Jeanne Heathcote', 'Provident dolorem non ullam animi voluptas. Molestias aperiam sit ex ut autem. Sed labore eveniet ad explicabo ab eos. At sit sed voluptates non in et explicabo.', 0, '2018-06-17 18:59:22', '2018-06-17 18:59:22'),
(141, 78, 'Celine Ryan IV', 'Architecto velit dolor occaecati quos reiciendis distinctio est et. Sed qui rem dolorem optio fuga reprehenderit. Delectus quos vel autem temporibus ab. Quia consectetur assumenda autem.', 5, '2018-06-17 18:59:22', '2018-06-17 18:59:22'),
(142, 51, 'Lura Kshlerin', 'Fugiat ea non iusto est et veniam. Similique incidunt ipsa incidunt possimus ipsum rerum omnis. Delectus odit et amet vero atque enim architecto.', 2, '2018-06-17 18:59:22', '2018-06-17 18:59:22'),
(143, 18, 'Tyson Schneider', 'Fuga nihil mollitia vero debitis porro qui. Provident et ut quibusdam qui ut ea. Velit sit nam ad sed aut laborum veniam.', 2, '2018-06-17 18:59:22', '2018-06-17 18:59:22'),
(144, 62, 'Fredy Wintheiser IV', 'Itaque cum fugit porro labore esse est. Rerum est voluptate atque eum. Totam eos quaerat nulla ullam culpa delectus.', 5, '2018-06-17 18:59:22', '2018-06-17 18:59:22'),
(145, 23, 'Loren Oberbrunner', 'Molestiae et corporis porro veniam. Rerum minima dolorem est possimus at eum sunt laborum. Qui ullam ipsum debitis hic eos qui aut. Ipsam ullam laboriosam quisquam qui.', 0, '2018-06-17 18:59:22', '2018-06-17 18:59:22'),
(146, 43, 'Tyler Schmitt', 'Facere necessitatibus est odit expedita exercitationem. Rerum officia eius est odit perspiciatis quis debitis. Molestias aut vel facere provident rerum.', 4, '2018-06-17 18:59:22', '2018-06-17 18:59:22'),
(147, 20, 'Wilton Zieme', 'Non doloremque nisi necessitatibus quidem corporis. Voluptatem doloribus alias ratione pariatur fugit. Earum consequatur sint veritatis non accusantium vero atque. Voluptatem ullam eum ratione. Perspiciatis corrupti est perspiciatis minima corporis.', 0, '2018-06-17 18:59:22', '2018-06-17 18:59:22'),
(148, 11, 'Amari Rutherford', 'Reprehenderit corrupti sunt sint fugiat sit. Officia quaerat et officiis repellat inventore in. Sit voluptatem deserunt numquam laudantium sunt consequatur.', 4, '2018-06-17 18:59:22', '2018-06-17 18:59:22'),
(149, 4, 'Mr. Colin Zboncak IV', 'Amet saepe id recusandae accusantium dolor aut sunt aperiam. Ipsam explicabo natus cupiditate qui laudantium alias. Aspernatur reiciendis illum quia asperiores quaerat. Et delectus assumenda provident eum beatae sunt.', 5, '2018-06-17 18:59:22', '2018-06-17 18:59:22'),
(150, 38, 'Agustina Thompson V', 'Quia aut sunt cum ut sint. Nobis quidem ut non ea nemo. Nesciunt suscipit quo qui eum saepe.', 2, '2018-06-17 18:59:22', '2018-06-17 18:59:22'),
(151, 40, 'Johnnie Mann PhD', 'Molestiae fuga alias deserunt asperiores. Vel quod doloremque quaerat sed non quis harum ut. Ducimus asperiores autem suscipit alias nostrum et at.', 3, '2018-06-17 18:59:22', '2018-06-17 18:59:22'),
(152, 41, 'Yesenia Batz', 'Eligendi totam omnis modi harum neque. Neque ratione non nesciunt. Dolorem quam sunt et assumenda sit. Consequatur enim in voluptatem sed sed labore tempora.', 4, '2018-06-17 18:59:22', '2018-06-17 18:59:22'),
(153, 33, 'Kayleigh Conn', 'Adipisci qui cum voluptate autem. Et sed quidem animi placeat est culpa. Corporis voluptatibus ut nostrum. Dolorem nobis ab corrupti voluptatum soluta et. Sed dicta ipsa ab consequatur ex placeat.', 4, '2018-06-17 18:59:22', '2018-06-17 18:59:22'),
(154, 41, 'Constantin Sauer', 'Quo cumque et pariatur illum eveniet quos eum. Vitae facere voluptas voluptatem enim. Est eveniet ut voluptas sed esse ut tempore. Sit rem consequatur beatae exercitationem.', 0, '2018-06-17 18:59:22', '2018-06-17 18:59:22'),
(155, 48, 'Alexa Zulauf', 'Nesciunt et est molestiae. Repellendus eius exercitationem aut a eligendi fugiat et voluptatem. Consequatur eos ut et delectus. Saepe vel et dolor eos accusantium dicta. Itaque maxime doloremque omnis praesentium.', 5, '2018-06-17 18:59:22', '2018-06-17 18:59:22'),
(156, 1, 'Clint Zieme', 'Aspernatur provident quia soluta harum sunt. Ipsum dignissimos quia repellendus optio. Nostrum odit perspiciatis dignissimos dolores ut et et. Sint aut ratione blanditiis laudantium enim qui fugiat.', 1, '2018-06-17 18:59:22', '2018-06-17 18:59:22'),
(157, 93, 'Guadalupe Hessel IV', 'Aut et tempora libero aut magni fugit et provident. Enim aspernatur sit enim enim velit odit nulla. Qui quas adipisci delectus adipisci voluptatem laudantium aut qui.', 2, '2018-06-17 18:59:22', '2018-06-17 18:59:22'),
(158, 42, 'Orval Schamberger', 'Deleniti consectetur fugiat eveniet quis dolor. Voluptatem facere illum distinctio quia nobis sed. Dicta voluptate fugit earum ut.', 0, '2018-06-17 18:59:22', '2018-06-17 18:59:22'),
(159, 92, 'Mr. Jamey Oberbrunner', 'Voluptatibus perspiciatis necessitatibus voluptate id. Rem et non quis sed. Ut voluptas necessitatibus autem cumque laboriosam deleniti soluta.', 0, '2018-06-17 18:59:22', '2018-06-17 18:59:22'),
(160, 79, 'Elwin Littel', 'Architecto magni rerum placeat enim. Et rem distinctio maxime ut dolores accusantium quis. Ipsum rerum architecto et quod rerum sint.', 5, '2018-06-17 18:59:22', '2018-06-17 18:59:22'),
(161, 100, 'Kameron Hyatt', 'Doloremque veniam porro voluptate nostrum qui. Aut aliquid omnis rerum enim sint maiores natus debitis. Impedit eum rerum omnis rerum sit beatae rem soluta.', 3, '2018-06-17 18:59:22', '2018-06-17 18:59:22'),
(162, 30, 'Kristina Sawayn', 'Accusamus quaerat dignissimos vel eum sed. Et non suscipit molestiae esse iure commodi. Quia beatae et mollitia cum sit modi animi. Nihil sint earum voluptatibus pariatur placeat iusto.', 0, '2018-06-17 18:59:22', '2018-06-17 18:59:22'),
(163, 31, 'Elisa Dietrich Jr.', 'At laudantium ut similique esse vero omnis. Provident blanditiis quibusdam rerum et. Rerum sunt facilis sunt et a.', 4, '2018-06-17 18:59:22', '2018-06-17 18:59:22'),
(164, 82, 'Mr. Thaddeus Feest Jr.', 'Ea quidem maiores sunt fuga laudantium. Corrupti et quis saepe nihil beatae. Rerum ullam placeat incidunt pariatur quam.', 0, '2018-06-17 18:59:22', '2018-06-17 18:59:22'),
(165, 18, 'Kellie Boyle', 'Fugit itaque vitae impedit sequi sit rerum et aliquid. Eum animi ratione fugiat sed architecto. Corrupti maiores neque dolore assumenda placeat. Exercitationem voluptas sed magnam explicabo velit ut.', 3, '2018-06-17 18:59:22', '2018-06-17 18:59:22'),
(166, 42, 'Lucile Keebler', 'Quas molestias aut voluptas facilis et aut atque. Tempora modi voluptate expedita voluptas id omnis eveniet. Eaque voluptates laborum cum reiciendis.', 5, '2018-06-17 18:59:22', '2018-06-17 18:59:22'),
(167, 97, 'Ardith Renner', 'Ipsum consequatur consectetur ipsum est tenetur est. Excepturi voluptatem pariatur in accusamus laborum ea nostrum porro. Dignissimos qui saepe possimus autem quae error aut.', 0, '2018-06-17 18:59:22', '2018-06-17 18:59:22'),
(168, 60, 'Mr. Macey Stracke', 'Ullam ipsa nisi molestiae optio nam. Esse cumque aut ut architecto rerum. Et perspiciatis nemo eos ipsam. Accusamus voluptas vitae consequuntur. Aliquid quasi ab qui explicabo.', 0, '2018-06-17 18:59:22', '2018-06-17 18:59:22'),
(169, 58, 'Esta Heathcote', 'Ipsam numquam quia necessitatibus asperiores quo. Recusandae alias praesentium aliquid alias et molestiae. Veritatis tempora voluptatem quia debitis.', 1, '2018-06-17 18:59:22', '2018-06-17 18:59:22'),
(170, 51, 'Maudie Gutmann', 'Unde tenetur quas dolorum sed quo. Cumque ea incidunt atque eaque et quibusdam ut. Atque est voluptatem nihil pariatur et. Eligendi dolorum quis expedita corrupti ad dolorem necessitatibus.', 3, '2018-06-17 18:59:22', '2018-06-17 18:59:22'),
(171, 47, 'Laura Cole I', 'Et labore sed explicabo quo at iure. Nulla error minus vel et recusandae delectus soluta. Perferendis quia culpa exercitationem est enim. Atque sed distinctio dolorem porro laborum est voluptatem.', 5, '2018-06-17 18:59:22', '2018-06-17 18:59:22'),
(172, 95, 'Noemie Cronin', 'Exercitationem optio modi neque quasi nihil perspiciatis. Consectetur quas aut voluptatibus animi a deserunt. Vel non saepe voluptatem amet dolore labore.', 1, '2018-06-17 18:59:22', '2018-06-17 18:59:22'),
(173, 64, 'Kevin Thompson', 'Numquam quia qui blanditiis vero necessitatibus minima harum tempore. Et impedit quam et quibusdam voluptatem. Cum facilis velit pariatur blanditiis illum architecto. Officia sit et doloremque ipsa nesciunt.', 0, '2018-06-17 18:59:22', '2018-06-17 18:59:22'),
(174, 10, 'Linnie Kuhn', 'Adipisci animi distinctio autem alias explicabo. Commodi consequatur fugiat quia. Sint eum laboriosam dicta voluptas.', 5, '2018-06-17 18:59:22', '2018-06-17 18:59:22'),
(175, 43, 'Dolores Kulas', 'Quam cumque sint cumque enim non aut sequi. Tempora aperiam praesentium soluta veritatis ullam. Possimus aut eligendi omnis facere reprehenderit eligendi.', 5, '2018-06-17 18:59:22', '2018-06-17 18:59:22'),
(176, 47, 'Jensen Terry', 'Itaque et est perferendis voluptatibus quam nostrum ipsam. Aliquam odio accusantium a. Illum unde ad exercitationem aliquid illum. Incidunt sequi nemo hic assumenda. Et rem error non eos.', 0, '2018-06-17 18:59:22', '2018-06-17 18:59:22'),
(177, 55, 'Danyka Ryan', 'Atque omnis qui esse velit sint. Explicabo ipsa cumque dicta nihil adipisci suscipit ad perferendis. Quos dolor veniam perspiciatis nostrum nulla et in dolores. Voluptate corporis tenetur nisi quod ex exercitationem.', 4, '2018-06-17 18:59:22', '2018-06-17 18:59:22'),
(178, 40, 'Prof. Dessie Kling II', 'Nam aut omnis numquam. Sunt rerum laudantium cum sint. Doloremque non fugiat earum possimus. Et omnis sint illum ad nisi.', 3, '2018-06-17 18:59:22', '2018-06-17 18:59:22'),
(179, 18, 'Lafayette Cummings', 'Vero sapiente at molestiae et non cupiditate quis earum. Omnis omnis et sint ab. Pariatur eum dolorum eum. Ad dolores eos eum asperiores amet et.', 0, '2018-06-17 18:59:22', '2018-06-17 18:59:22'),
(180, 45, 'Ms. Nella Feest', 'Libero praesentium quis natus id omnis modi. Quia nihil fugit eveniet voluptates quos minus officia. Et consequuntur nobis ex nemo amet sit quis.', 1, '2018-06-17 18:59:22', '2018-06-17 18:59:22'),
(181, 19, 'Wade Bartoletti DVM', 'Et et velit est nulla. Rem velit repudiandae ut sed sed eaque. Ea at voluptate sunt aliquid tempora.', 5, '2018-06-17 18:59:22', '2018-06-17 18:59:22'),
(182, 33, 'Prof. Aniyah Kassulke Jr.', 'Totam doloremque repellendus autem distinctio cum culpa. At sed aut nemo delectus quis molestias culpa et. Dolor ipsa assumenda deserunt reiciendis. Nobis vero occaecati incidunt hic.', 1, '2018-06-17 18:59:22', '2018-06-17 18:59:22'),
(183, 3, 'Leland Legros', 'Quos corrupti amet omnis eos voluptas similique. Est quibusdam dolores quia eum voluptatem minus ut. Delectus voluptatum dolores sunt corporis quia. Aut fugit velit adipisci eaque nisi labore quia.', 3, '2018-06-17 18:59:22', '2018-06-17 18:59:22'),
(184, 50, 'Mr. Sean Hickle', 'Vero iste itaque est ut. Rerum et qui accusantium nostrum.', 1, '2018-06-17 18:59:22', '2018-06-17 18:59:22'),
(185, 61, 'Alda Prohaska', 'Eaque in aspernatur enim ut dolores. Voluptas quae libero iusto id commodi corporis quasi. Quidem qui qui minus veritatis.', 0, '2018-06-17 18:59:22', '2018-06-17 18:59:22'),
(186, 29, 'Estrella Herzog', 'Ullam beatae voluptas et voluptatum provident autem. Tempore quis corporis praesentium explicabo ipsum consequatur culpa quaerat. Consequatur id vero sequi exercitationem ad mollitia in.', 1, '2018-06-17 18:59:22', '2018-06-17 18:59:22'),
(187, 60, 'Dr. Ike Kerluke', 'Omnis pariatur occaecati aut qui architecto porro. Fugiat mollitia quidem nisi nobis voluptatem. Eum id voluptatem ut suscipit fugit.', 5, '2018-06-17 18:59:22', '2018-06-17 18:59:22'),
(188, 75, 'Libbie Walker', 'Quia ad nostrum quia ducimus excepturi veniam et. Vitae eius qui ipsa quisquam ut. Qui esse reiciendis neque velit laborum alias beatae. Voluptas exercitationem repudiandae voluptatum et. Dolorem corporis praesentium molestias nihil ut et praesentium alias.', 2, '2018-06-17 18:59:22', '2018-06-17 18:59:22'),
(189, 48, 'Una Heaney', 'Velit qui quia assumenda enim molestias ut quia. Aliquid ipsam officia necessitatibus. Hic ullam eos sunt molestiae ea repellendus sunt. Eum voluptatem saepe esse quis libero facilis minima.', 2, '2018-06-17 18:59:22', '2018-06-17 18:59:22'),
(190, 33, 'Bertrand Kihn III', 'Reprehenderit eum veritatis qui. Similique omnis saepe nam quod maxime placeat esse. Esse repudiandae deleniti incidunt eius eos optio nulla numquam. Et ipsam numquam doloremque repellendus.', 2, '2018-06-17 18:59:22', '2018-06-17 18:59:22'),
(191, 74, 'Ardella Turner', 'Omnis hic aliquid iste qui saepe iusto eveniet. Ad quos praesentium sed esse iusto. Laudantium et sed perferendis et illo reprehenderit sunt.', 0, '2018-06-17 18:59:22', '2018-06-17 18:59:22'),
(192, 19, 'Nellie Batz', 'Nulla et et ut dolor veritatis nisi commodi. Consectetur et dicta quam architecto officia fugit vero. Aut quos repellat velit perspiciatis sit. Laboriosam at temporibus voluptatibus sed rem blanditiis.', 0, '2018-06-17 18:59:22', '2018-06-17 18:59:22'),
(193, 2, 'Cordie Lubowitz III', 'Autem hic modi quia vitae optio ut illum. Provident dolores quia eum voluptatum. Ut nam est ea eum. Minima adipisci libero modi et a inventore.', 0, '2018-06-17 18:59:22', '2018-06-17 18:59:22'),
(194, 78, 'Norris Bins IV', 'Aperiam voluptas facere aut delectus sed. Ut sit est consequatur optio corrupti. Ratione nihil dolor et architecto modi ratione autem. Commodi quibusdam ipsum ut consectetur voluptas sequi pariatur.', 1, '2018-06-17 18:59:22', '2018-06-17 18:59:22'),
(195, 77, 'Maritza Reinger', 'Ducimus natus sunt est ea quia voluptate ea. Repellendus doloribus incidunt quia quia facilis maiores. Tempora facilis culpa facere beatae temporibus. Eveniet et autem laborum vero suscipit.', 3, '2018-06-17 18:59:22', '2018-06-17 18:59:22'),
(196, 12, 'Dr. Estell Windler', 'Adipisci officia id quia nostrum et aut at. Delectus placeat et quaerat sequi est error. Consequatur doloribus recusandae molestiae ab voluptas nam. Quod sequi recusandae ex aspernatur sunt repellat dolores. Et repellat voluptatem harum nulla minima.', 0, '2018-06-17 18:59:22', '2018-06-17 18:59:22'),
(197, 83, 'Pearl Murphy', 'Ea magni sit unde aut cumque et voluptatum. Ducimus et temporibus nobis voluptas. Officiis veniam tempora suscipit officia ut velit aspernatur dignissimos. Sit rem alias ratione quo quidem non velit. Deleniti harum esse illo excepturi non.', 3, '2018-06-17 18:59:22', '2018-06-17 18:59:22'),
(198, 91, 'Prof. Kaitlyn Ankunding', 'Cum eveniet et sint unde omnis voluptatibus rem. Voluptatem doloremque quo eos et vel soluta esse. Perferendis earum ullam sequi libero. Amet soluta itaque mollitia totam mollitia ex. Qui amet dolor suscipit.', 4, '2018-06-17 18:59:22', '2018-06-17 18:59:22'),
(199, 51, 'Leonard Sauer DDS', 'Vel earum quia ut debitis eum. Aliquid voluptates nobis quas molestias possimus nihil. Dolores ut nihil aut dolorem fugiat et aliquam. Sit aut nam excepturi porro asperiores tenetur.', 5, '2018-06-17 18:59:22', '2018-06-17 18:59:22'),
(200, 28, 'Mrs. Marcia Von DDS', 'Distinctio aspernatur repudiandae vitae culpa dicta. Voluptate autem id commodi ut excepturi. Corrupti natus qui mollitia illum.', 3, '2018-06-17 18:59:22', '2018-06-17 18:59:22'),
(201, 88, 'Robb Blick', 'Explicabo sequi qui modi vel. Qui non est a tempora. Non dicta eos facilis ducimus eum vel labore.', 1, '2018-06-17 18:59:22', '2018-06-17 18:59:22'),
(202, 64, 'Gino Waters', 'Aperiam nemo dolor aliquid eius. Esse voluptatibus magni iste. Veniam est nostrum corrupti cupiditate.', 3, '2018-06-17 18:59:22', '2018-06-17 18:59:22'),
(203, 50, 'Prof. Jasmin Crona', 'Eveniet molestias odio omnis quisquam deleniti fugiat vitae reiciendis. Quae soluta iste illo. Vel eligendi maxime necessitatibus. Numquam quas sint provident sunt.', 5, '2018-06-17 18:59:22', '2018-06-17 18:59:22'),
(204, 37, 'Miss Vicenta Collier I', 'Sint qui rerum ratione necessitatibus repellat eum. Quo error iure molestiae tempora soluta ipsa. Id quia cum saepe sed inventore. Et sed delectus quo magnam necessitatibus aut.', 2, '2018-06-17 18:59:22', '2018-06-17 18:59:22'),
(205, 10, 'Cali O\'Hara', 'Et aut veniam laudantium qui optio. Ut autem sed fuga repudiandae neque eius necessitatibus. Voluptate tempora consequatur exercitationem natus vel inventore sint aspernatur. Autem non molestiae consequatur delectus maxime natus exercitationem.', 5, '2018-06-17 18:59:22', '2018-06-17 18:59:22'),
(206, 77, 'Lupe Streich', 'Autem doloremque ut voluptatem dolorem et. Blanditiis culpa ad saepe sit iste sint voluptatem quod.', 0, '2018-06-17 18:59:22', '2018-06-17 18:59:22'),
(207, 98, 'Baylee D\'Amore', 'Officiis quas quam maxime aliquam et aut. Nihil sed perferendis aspernatur quos qui omnis sint ipsam. Doloremque modi tempora non quidem culpa ipsum unde optio. Voluptatibus eos deserunt cupiditate harum laudantium.', 1, '2018-06-17 18:59:22', '2018-06-17 18:59:22'),
(208, 48, 'Leanne Feeney', 'Fuga excepturi est est dolores temporibus. Voluptas sunt culpa eos magni architecto ipsa. Vel nam minus eos provident praesentium atque iste voluptates. Reprehenderit officia nostrum quo temporibus qui enim eum.', 2, '2018-06-17 18:59:22', '2018-06-17 18:59:22');
INSERT INTO `reviews` (`id`, `product_id`, `customer`, `review`, `star`, `created_at`, `updated_at`) VALUES
(209, 63, 'Mr. Gilbert Stamm', 'Veritatis sed ducimus quae aut et a molestiae. Ratione error architecto suscipit quasi atque delectus deserunt. Provident dolores et eum eaque eligendi dolorem. Dicta qui explicabo soluta neque doloribus debitis sed.', 3, '2018-06-17 18:59:22', '2018-06-17 18:59:22'),
(210, 35, 'Prof. Walton Ziemann IV', 'At magni hic omnis ut voluptatem sequi quas. Laboriosam voluptatem a eos molestiae ut. Nulla repellendus optio unde animi.', 5, '2018-06-17 18:59:22', '2018-06-17 18:59:22'),
(211, 40, 'Ms. Vella Altenwerth', 'Placeat fugit ea libero in veritatis. Dolorem voluptatibus harum et repudiandae. Ducimus facere totam est dolorum et aut nobis. Nemo voluptas omnis sed quidem fuga aliquam aut.', 0, '2018-06-17 18:59:22', '2018-06-17 18:59:22'),
(212, 81, 'Leilani Ortiz', 'Dolorum voluptatem sed alias. Deleniti doloremque tempora possimus. Libero et nisi iste. Officia neque mollitia quisquam fugiat at.', 4, '2018-06-17 18:59:22', '2018-06-17 18:59:22'),
(213, 95, 'Mr. Eugene Kunde DVM', 'Repellendus excepturi quis unde in distinctio similique praesentium qui. Est quia dicta officiis provident veniam eius omnis quisquam. Magni in est quo. Placeat ea esse quia sequi sit ipsam fuga.', 4, '2018-06-17 18:59:22', '2018-06-17 18:59:22'),
(214, 55, 'Lilla Miller', 'Qui quisquam sit inventore officia. Cum voluptatem qui quasi distinctio accusantium aut fugit voluptas. In quia maxime provident nam magni. Quis nostrum reiciendis voluptatibus rem.', 5, '2018-06-17 18:59:22', '2018-06-17 18:59:22'),
(215, 79, 'Oma Jerde', 'Amet unde soluta sed dolor voluptatem omnis ipsum quo. Vel sed eaque perspiciatis exercitationem qui ut cum recusandae. Et neque itaque voluptate ea. Qui natus delectus earum eius odio dolor non.', 2, '2018-06-17 18:59:22', '2018-06-17 18:59:22'),
(216, 68, 'Prof. Deion Runte', 'Ut necessitatibus ratione quas ut. Omnis quam quos in natus nihil qui. Dicta sunt aliquam magnam qui laudantium rerum. Excepturi accusamus ullam ipsum voluptatem sint animi placeat.', 4, '2018-06-17 18:59:22', '2018-06-17 18:59:22'),
(217, 59, 'Adell Runolfsson', 'Ullam rerum quos eveniet ea enim. Impedit adipisci labore delectus non. Deserunt hic et soluta sapiente fugit veritatis omnis eum. Quidem ad quis itaque magni et nihil.', 5, '2018-06-17 18:59:22', '2018-06-17 18:59:22'),
(218, 98, 'Prof. Vladimir Adams', 'Veniam odit neque est voluptatibus iusto. Aut temporibus ipsam quod voluptatem voluptatem labore harum.', 5, '2018-06-17 18:59:22', '2018-06-17 18:59:22'),
(219, 45, 'Dr. Hayden Brakus Sr.', 'Ipsam iste repellendus illo enim maxime rerum. Omnis neque sed itaque harum dolorem illum. Ipsum suscipit fugit cumque sit aut. Consectetur ipsum reprehenderit magnam expedita ex autem.', 2, '2018-06-17 18:59:22', '2018-06-17 18:59:22'),
(220, 81, 'Mrs. Velda Beatty MD', 'Laudantium alias autem facere iste ut. Officiis placeat sed ea iste optio vel fugiat. Natus eveniet rem sit voluptas quibusdam doloribus.', 1, '2018-06-17 18:59:22', '2018-06-17 18:59:22'),
(221, 67, 'Terrill Grant', 'Voluptatem consectetur molestiae numquam minima. Impedit fugiat voluptatem repudiandae. Repellat est sint expedita aperiam.', 2, '2018-06-17 18:59:22', '2018-06-17 18:59:22'),
(222, 11, 'Karen Leannon', 'Maxime recusandae aspernatur velit animi quam nostrum. Sint deleniti similique vitae excepturi quis quos. Incidunt deserunt non quibusdam ipsam et.', 5, '2018-06-17 18:59:22', '2018-06-17 18:59:22'),
(223, 12, 'Daryl Murray', 'Exercitationem dolor in nobis sunt minima. Et omnis exercitationem sit quas omnis. Fugit aut quidem qui ut.', 0, '2018-06-17 18:59:22', '2018-06-17 18:59:22'),
(224, 61, 'Lia Bailey', 'Hic dolore fugiat temporibus quod omnis. Error eum et iste occaecati aut quia omnis. Officiis consequuntur iusto fugiat at sequi.', 4, '2018-06-17 18:59:22', '2018-06-17 18:59:22'),
(225, 48, 'Keegan Hauck', 'Assumenda hic sint perferendis sit quia. Dolorem illum est vero molestiae. Inventore corrupti ipsam dignissimos ut sunt culpa.', 5, '2018-06-17 18:59:22', '2018-06-17 18:59:22'),
(226, 38, 'Mrs. Carole Kling IV', 'Sit culpa consequatur asperiores unde eos nemo commodi. Nostrum magnam possimus et est et. Illo sit qui beatae vero. Sed soluta velit aut eum aliquam molestiae occaecati sunt.', 5, '2018-06-17 18:59:22', '2018-06-17 18:59:22'),
(227, 6, 'Mack Yost', 'Quod quo atque illum molestias ut et. Nihil aspernatur similique doloremque odio. Laudantium ut et repellat harum nisi aut ad neque. Voluptatem fuga nam omnis cumque quasi. Quo cum asperiores maxime qui.', 3, '2018-06-17 18:59:22', '2018-06-17 18:59:22'),
(228, 32, 'Zakary Greenfelder', 'Quo soluta quisquam voluptatem labore aliquam. Libero fugiat aspernatur sit cum aliquid quasi. Ad alias molestias sed quia consequatur delectus. Dolores aut facilis quis deleniti sunt autem.', 5, '2018-06-17 18:59:22', '2018-06-17 18:59:22'),
(229, 35, 'Enid Rolfson', 'Autem quaerat dolore eum veniam voluptas minus. Et quas laborum recusandae. Explicabo provident quaerat qui enim minus dolor et.', 1, '2018-06-17 18:59:22', '2018-06-17 18:59:22'),
(230, 61, 'Dr. Lance Reichert', 'Veritatis veritatis odio reiciendis quasi dolore. Est quod sit dolorem odit tempora nisi. Numquam sit consequuntur laborum pariatur voluptatem cupiditate commodi. In quo non dolores vitae et delectus odit laborum.', 1, '2018-06-17 18:59:22', '2018-06-17 18:59:22'),
(231, 86, 'Yoshiko Ziemann', 'Voluptate non sapiente quia impedit maiores quod nam non. Aut suscipit dignissimos rerum consequuntur est dignissimos omnis. Quo et voluptatem et esse. Hic inventore enim quod ipsa accusamus fugiat.', 5, '2018-06-17 18:59:22', '2018-06-17 18:59:22'),
(232, 10, 'Everett Terry', 'Odit voluptas ut molestias eum inventore culpa. Assumenda similique maiores voluptatem doloribus. Nesciunt et nostrum qui quae ut illo sapiente.', 4, '2018-06-17 18:59:22', '2018-06-17 18:59:22'),
(233, 53, 'Paul Weimann', 'Eaque culpa suscipit facere error voluptatum atque sint. Aliquid facere nisi et non necessitatibus soluta sit. Modi est ut et qui.', 4, '2018-06-17 18:59:22', '2018-06-17 18:59:22'),
(234, 74, 'Godfrey Kling', 'Aliquam et rerum ad officia suscipit debitis. Consequuntur qui quod est maiores sunt beatae quis. Asperiores impedit voluptates odit quo.', 2, '2018-06-17 18:59:22', '2018-06-17 18:59:22'),
(235, 13, 'Demario Prohaska II', 'Fugit repellat eveniet maiores error eos dolor. Doloremque quis provident qui nihil necessitatibus quia rem. Laudantium natus porro repellendus occaecati explicabo perspiciatis atque.', 5, '2018-06-17 18:59:22', '2018-06-17 18:59:22'),
(236, 49, 'Mr. Mose Lind DDS', 'Ducimus ducimus error omnis doloribus. Nulla beatae error ut et aut quam ipsa. Eos dolore qui qui quis minus voluptate et. Quaerat impedit dolores consequatur accusamus exercitationem.', 1, '2018-06-17 18:59:22', '2018-06-17 18:59:22'),
(237, 61, 'Janice Stamm', 'Officia natus cupiditate non non ea voluptas. Qui dignissimos modi ad necessitatibus temporibus omnis. Suscipit eius suscipit et ab quasi quia eum nihil. Excepturi consequuntur eveniet voluptatem quia odit consequatur iste. Repudiandae recusandae natus iure nostrum.', 0, '2018-06-17 18:59:22', '2018-06-17 18:59:22'),
(238, 6, 'Wilford Morissette', 'Autem quia adipisci et ut architecto. Quia fugiat et aperiam sit. Aut aut quasi omnis fuga autem in.', 2, '2018-06-17 18:59:22', '2018-06-17 18:59:22'),
(239, 13, 'Grant Johnston', 'Et fugiat vero aliquid qui illo vel at. Esse pariatur non et voluptatem eius laudantium sed. Quaerat cum laboriosam sit veritatis velit eum aut.', 0, '2018-06-17 18:59:22', '2018-06-17 18:59:22'),
(240, 6, 'Samson Auer', 'Voluptates facilis ut necessitatibus consectetur saepe fugit veniam. Incidunt voluptatem sint enim eum in. Eos quia praesentium omnis omnis pariatur.', 1, '2018-06-17 18:59:22', '2018-06-17 18:59:22'),
(241, 76, 'Paxton Keeling', 'Id non accusamus nobis dolorum sint tenetur inventore quo. Qui consequatur ducimus natus dolores eaque. Odio tempore maiores qui enim sit enim nihil. Sit dolorem fugit eum sequi molestiae.', 2, '2018-06-17 18:59:22', '2018-06-17 18:59:22'),
(242, 35, 'Ernest Fisher', 'Ut qui tenetur aut rerum illum hic quaerat. Neque dolorum assumenda ut unde. Sed magni qui voluptatum aut expedita nihil et doloribus. Id quis adipisci dolor soluta non alias laboriosam. Commodi totam consequuntur repudiandae fuga et consequuntur.', 5, '2018-06-17 18:59:22', '2018-06-17 18:59:22'),
(243, 12, 'Lavon Carter', 'Possimus nostrum libero nihil et iusto quia fuga. Quaerat modi dolorem eos aut quia.', 4, '2018-06-17 18:59:22', '2018-06-17 18:59:22'),
(244, 43, 'Lourdes Simonis', 'Iusto sed commodi et. Corporis libero et quia aut impedit ea. Vel velit rerum minima aperiam enim sed ipsam. Laudantium cupiditate quam quaerat dolor voluptas velit cum.', 5, '2018-06-17 18:59:22', '2018-06-17 18:59:22'),
(245, 97, 'Judge Rutherford MD', 'Voluptas totam praesentium deleniti omnis blanditiis vel ex. Consequatur consectetur et eos similique eius. Unde libero odit illo nisi ipsam. Ea sit cupiditate est sit quas qui repudiandae.', 0, '2018-06-17 18:59:22', '2018-06-17 18:59:22'),
(246, 36, 'Flo Glover', 'Ex ad et ea dolores et modi consequatur. Dolor non ratione dolorum molestiae molestiae magni cumque. Aspernatur beatae aliquam autem aliquam. Consequatur alias ut dolorem rem rerum officiis minus debitis.', 4, '2018-06-17 18:59:22', '2018-06-17 18:59:22'),
(247, 43, 'Edythe Rowe', 'Et voluptas vitae et rerum est dicta non. Rerum sit quia saepe voluptas rerum quasi aut quia.', 4, '2018-06-17 18:59:22', '2018-06-17 18:59:22'),
(248, 73, 'Isabelle Kautzer DDS', 'Aut et repellat vel et saepe quam optio vel. Dolorum qui fuga beatae ea. Dolor exercitationem exercitationem et accusamus beatae molestiae.', 5, '2018-06-17 18:59:22', '2018-06-17 18:59:22'),
(249, 15, 'Genesis Hartmann DVM', 'Hic magnam praesentium voluptatem voluptatum. Adipisci deserunt omnis nesciunt et officia eos. Est rem optio provident quisquam est.', 1, '2018-06-17 18:59:22', '2018-06-17 18:59:22'),
(250, 33, 'Jerrod Shanahan', 'Et inventore et iste ipsa. Ducimus doloribus ut a ut unde omnis in. Vel rerum et sed ipsum explicabo autem. Suscipit nam saepe sequi aliquid esse quos corporis.', 3, '2018-06-17 18:59:22', '2018-06-17 18:59:22'),
(251, 97, 'Silas Cormier', 'Ut porro natus facere illum ut quasi repellat quis. Non sapiente eum voluptatem. Et delectus sit sed aut saepe et earum.', 4, '2018-06-17 18:59:22', '2018-06-17 18:59:22'),
(252, 18, 'Jakayla Walsh', 'Iure rerum omnis quisquam et neque. Est eum soluta odio assumenda. Repellendus consequatur assumenda vel non.', 2, '2018-06-17 18:59:22', '2018-06-17 18:59:22'),
(253, 91, 'Sandrine Sipes MD', 'In rerum quos eum voluptatem enim neque molestiae ut. Dolor ut perferendis autem magnam aliquam. Ullam illo eum est ipsum omnis. Voluptates itaque reiciendis consequatur fugiat accusantium. Quia sunt rerum ratione quod quos.', 0, '2018-06-17 18:59:22', '2018-06-17 18:59:22'),
(254, 8, 'Maia Littel', 'Ut exercitationem natus laboriosam et ex et laboriosam. Ad sapiente sapiente corporis quis iure et. Eos ut laudantium esse ut et. Expedita voluptatem quo voluptates et delectus laudantium.', 4, '2018-06-17 18:59:22', '2018-06-17 18:59:22'),
(255, 18, 'Mr. Xavier Marvin MD', 'Voluptates enim fugit quis voluptatem. Commodi accusantium voluptatem autem. Perspiciatis autem reiciendis sit nulla esse in provident sunt. Veniam et vero qui ratione et.', 1, '2018-06-17 18:59:22', '2018-06-17 18:59:22'),
(256, 45, 'Hadley Heaney III', 'Eaque aut consequatur eius sit repellendus quas. Voluptates nisi sequi ipsum eum. Molestiae aut dolor exercitationem.', 0, '2018-06-17 18:59:22', '2018-06-17 18:59:22'),
(257, 49, 'Mr. Osbaldo Kuvalis', 'Cumque quia et quisquam non. Iste sequi nihil sit. Quo quia qui quod reprehenderit.', 0, '2018-06-17 18:59:22', '2018-06-17 18:59:22'),
(258, 24, 'Ocie Price', 'Aspernatur ducimus numquam deleniti ipsa excepturi aliquid. Dolores repudiandae omnis quas molestiae voluptatem dolorem. Pariatur natus suscipit eum excepturi repellendus voluptas.', 2, '2018-06-17 18:59:22', '2018-06-17 18:59:22'),
(259, 88, 'Ellsworth Purdy', 'Facilis doloribus veniam autem molestiae. Tempora tempora perspiciatis dolorem voluptates itaque totam doloremque. Voluptatem iusto id atque aut delectus et aliquid.', 4, '2018-06-17 18:59:22', '2018-06-17 18:59:22'),
(260, 8, 'Moriah Legros Sr.', 'Eveniet tenetur at dolores ab atque labore. Quia at a repellat voluptatem saepe. Sed aut corporis rerum nobis et eius exercitationem. Sequi repellendus id debitis sit aut.', 2, '2018-06-17 18:59:22', '2018-06-17 18:59:22'),
(261, 97, 'Mrs. Amelie Raynor V', 'Ut sed earum corporis ut maiores. Eos ipsa amet itaque et. Provident a eum aperiam autem numquam vero. Aliquid at accusantium vitae dicta tenetur incidunt ipsam.', 0, '2018-06-17 18:59:22', '2018-06-17 18:59:22'),
(262, 51, 'Corine Herman III', 'Praesentium aut corrupti reiciendis debitis praesentium eligendi. Et ut accusamus aliquid non. Aperiam magni quia qui nam ipsam. Officiis repudiandae omnis nulla sit consequatur et magni ut.', 2, '2018-06-17 18:59:22', '2018-06-17 18:59:22'),
(263, 88, 'Dion Pollich', 'Quidem rerum illo omnis dignissimos. Voluptatem autem quis aut aliquam necessitatibus aspernatur numquam dolorem. Architecto ipsa est debitis.', 1, '2018-06-17 18:59:22', '2018-06-17 18:59:22'),
(264, 66, 'Mr. Stephen Nolan', 'Veritatis maxime dolore et unde corporis impedit. Ut cum odit fugiat ipsum nihil illo. Perspiciatis id eius temporibus hic.', 2, '2018-06-17 18:59:22', '2018-06-17 18:59:22'),
(265, 29, 'Cecil Torphy', 'Aspernatur expedita impedit aliquid. Soluta dolor id doloremque magni. Eveniet in non ad et nesciunt consequatur reprehenderit. Repellendus tempore nulla sed et voluptas possimus at esse.', 5, '2018-06-17 18:59:22', '2018-06-17 18:59:22'),
(266, 81, 'Keon Marquardt', 'Nisi amet enim qui aut eius voluptas nesciunt. Sequi et repellat atque. Dolor pariatur voluptatem maxime aliquam dicta.', 2, '2018-06-17 18:59:22', '2018-06-17 18:59:22'),
(267, 97, 'Mr. Gregory Schimmel III', 'Id nam fugiat dolorum non voluptas earum. Voluptatem molestiae omnis quos aut autem repudiandae voluptas. Sit nobis accusamus dolor et voluptatem ipsam.', 3, '2018-06-17 18:59:22', '2018-06-17 18:59:22'),
(268, 29, 'Dalton Dach', 'At nesciunt ab consectetur earum aperiam. Debitis repellendus eius non aperiam debitis doloremque magnam. Tenetur blanditiis ex commodi est facilis. Illum alias minima est sit.', 5, '2018-06-17 18:59:22', '2018-06-17 18:59:22'),
(269, 26, 'Taya Tremblay', 'Ut ipsam sint enim omnis est. Quidem debitis dicta laboriosam cumque sint libero. Ut harum et amet aut officia veniam voluptatem. Quisquam culpa dolores eum repudiandae asperiores esse mollitia.', 5, '2018-06-17 18:59:22', '2018-06-17 18:59:22'),
(270, 26, 'Rasheed Sanford', 'Assumenda doloremque veritatis autem minima tempora. Illo consectetur et nulla voluptas. Est impedit enim cupiditate dolorem doloremque.', 1, '2018-06-17 18:59:22', '2018-06-17 18:59:22'),
(271, 87, 'Deangelo Zemlak', 'Sit hic placeat velit qui voluptatem. Aliquid sequi ratione quam est dolore deserunt libero. Repellendus fugit rem vitae officiis pariatur quo quos.', 3, '2018-06-17 18:59:22', '2018-06-17 18:59:22'),
(272, 17, 'Nathaniel Casper MD', 'Quibusdam minus et consequatur a exercitationem sit architecto. Esse et beatae ex sed alias.', 4, '2018-06-17 18:59:22', '2018-06-17 18:59:22'),
(273, 92, 'Maryjane Crona', 'Nam natus maxime accusamus autem illo quam. Maiores soluta doloribus et occaecati ut. Labore eos laborum vitae. Illo itaque tempore illo totam ut magni quos.', 1, '2018-06-17 18:59:22', '2018-06-17 18:59:22'),
(274, 99, 'Cameron Lehner', 'Reiciendis inventore dolorem possimus aut. Odio dicta earum voluptatem recusandae et id. Qui sunt consequatur modi corrupti eum consequuntur. Blanditiis sit voluptatem ea et aut ad ut. Cum magnam vel amet atque quasi suscipit.', 1, '2018-06-17 18:59:22', '2018-06-17 18:59:22'),
(275, 67, 'Misael Harvey', 'Libero ullam molestiae rerum molestiae cum explicabo ab. Natus debitis voluptate perspiciatis et. Atque inventore ut quae tempora sed est aperiam explicabo. Itaque eius impedit temporibus at distinctio.', 1, '2018-06-17 18:59:22', '2018-06-17 18:59:22'),
(276, 70, 'Nickolas Kertzmann', 'Beatae sit rerum ab alias deserunt ipsum. Est et autem culpa aut quia. Autem cum exercitationem eos dolorum aut architecto.', 2, '2018-06-17 18:59:22', '2018-06-17 18:59:22'),
(277, 92, 'Abigayle Casper', 'Quisquam tempore qui aut nam praesentium quaerat. Velit quasi autem rem dignissimos dolorem voluptatem. Autem consequatur sunt cupiditate assumenda nihil quo distinctio rerum. Corrupti quos aliquid totam quam voluptatem sit temporibus officiis.', 5, '2018-06-17 18:59:22', '2018-06-17 18:59:22'),
(278, 27, 'Forest Corwin', 'Reprehenderit alias alias omnis veniam est est. Veniam quidem voluptatibus beatae optio nesciunt reiciendis. Molestiae sunt labore quia aut eveniet aut qui. Laboriosam temporibus quae illum.', 1, '2018-06-17 18:59:22', '2018-06-17 18:59:22'),
(279, 50, 'Dr. Arno O\'Hara', 'Voluptas sed est dolores vitae quod at sed dicta. Voluptas saepe numquam omnis perspiciatis placeat qui autem. Possimus dicta facere praesentium vel eius ad.', 1, '2018-06-17 18:59:22', '2018-06-17 18:59:22'),
(280, 44, 'Theodora Lynch PhD', 'Dignissimos sit iure perspiciatis. Necessitatibus quia consequuntur nisi minima minus dolorem quia reprehenderit. Ut exercitationem voluptatem quos tenetur. Qui maiores maxime eos non dolore inventore.', 0, '2018-06-17 18:59:22', '2018-06-17 18:59:22'),
(281, 9, 'Bettye Gottlieb', 'Dignissimos voluptas numquam et exercitationem harum nisi. Et rerum consectetur modi et voluptas et dolores sed. Atque molestiae voluptas nihil. Qui et praesentium pariatur autem.', 4, '2018-06-17 18:59:22', '2018-06-17 18:59:22'),
(282, 83, 'Tyrel Glover', 'Quia earum dolorem magni rerum id quibusdam. Quisquam vel modi non ad. Eaque explicabo expedita ea tempora voluptas est consectetur. Ipsa totam minima quis ipsum mollitia accusamus.', 2, '2018-06-17 18:59:22', '2018-06-17 18:59:22'),
(283, 70, 'Mr. Leonardo Bahringer III', 'At reprehenderit eum nihil in nostrum. Et enim et voluptate enim. Et omnis qui doloribus sunt. Aut quia saepe voluptatibus fuga dolorem omnis qui.', 2, '2018-06-17 18:59:22', '2018-06-17 18:59:22'),
(284, 20, 'Roxanne O\'Hara', 'Illum velit voluptas amet officiis. Aut et corrupti omnis inventore voluptas sed fugiat. Illum nihil tempore qui deleniti. Commodi dolor ipsum sequi odit.', 0, '2018-06-17 18:59:22', '2018-06-17 18:59:22'),
(285, 45, 'Agustina Collier', 'Voluptas quis aut adipisci corrupti. Et reiciendis officia fugiat.', 1, '2018-06-17 18:59:22', '2018-06-17 18:59:22'),
(286, 91, 'Raina Klocko', 'Nostrum ullam ut est. Perferendis aut ad dolorum ad ea dicta. Modi omnis debitis esse repudiandae aspernatur officiis.', 4, '2018-06-17 18:59:22', '2018-06-17 18:59:22'),
(287, 37, 'Efren Conn', 'Officiis commodi rerum nihil cupiditate ullam. Cum voluptate voluptatibus quibusdam. Magnam consequatur consequatur earum impedit.', 3, '2018-06-17 18:59:22', '2018-06-17 18:59:22'),
(288, 63, 'Ms. Queen Abernathy', 'Beatae quia illum accusantium magnam quas voluptas nihil totam. Enim asperiores mollitia voluptatem numquam autem molestiae aut. In iste eaque pariatur ipsum dolores repellat est atque. Quo omnis qui veniam expedita ut ratione cumque.', 0, '2018-06-17 18:59:22', '2018-06-17 18:59:22'),
(289, 99, 'Ericka Kuhlman', 'Enim omnis laudantium et. Maiores enim provident modi quos quo ullam. Accusantium fugiat quas ut minima molestiae rem ut.', 2, '2018-06-17 18:59:22', '2018-06-17 18:59:22'),
(290, 24, 'Peggie Kertzmann', 'Unde maxime tempore praesentium necessitatibus cum aut autem earum. Ex est aut minima voluptas et veritatis officiis recusandae. Accusamus et aliquid iusto numquam molestiae quia. Ipsa recusandae ab dicta est suscipit et aut vitae. Iste dolores deleniti voluptas eos quam aliquam.', 4, '2018-06-17 18:59:22', '2018-06-17 18:59:22'),
(291, 16, 'Jarrod Hartmann', 'Impedit nihil nisi rerum placeat ut tenetur assumenda. Qui nostrum officiis tenetur qui quos deserunt ex. Natus sint dolorem est consequuntur. Ipsam et placeat harum odio repellendus neque sunt repellat. Ut sit aspernatur quaerat aut eius beatae.', 0, '2018-06-17 18:59:22', '2018-06-17 18:59:22'),
(292, 4, 'Miss Mae Hoppe II', 'Reiciendis nisi aperiam maiores qui. Sed placeat omnis ea modi nulla sint. Pariatur aliquam veritatis et qui quia minus. Porro laboriosam provident qui autem.', 0, '2018-06-17 18:59:22', '2018-06-17 18:59:22'),
(293, 30, 'Julianne Pouros', 'Doloribus nemo maiores omnis et. Quidem omnis at in. Aut quia optio suscipit reprehenderit in.', 4, '2018-06-17 18:59:22', '2018-06-17 18:59:22'),
(294, 55, 'Brad Boyle', 'A maxime recusandae et harum id eveniet repudiandae. Aut voluptas blanditiis a placeat vitae. Id esse facilis ullam rem impedit tempora voluptatem. Tempora id sequi sequi. Aut sequi inventore amet inventore ut voluptatem.', 4, '2018-06-17 18:59:22', '2018-06-17 18:59:22'),
(295, 63, 'Noel Gleichner', 'Occaecati fugiat veniam temporibus cumque assumenda eveniet et. Exercitationem fugiat laboriosam et ullam est omnis qui. Nesciunt est animi dolor vel et ducimus consequatur. Nihil saepe quisquam qui ullam hic.', 0, '2018-06-17 18:59:22', '2018-06-17 18:59:22'),
(296, 37, 'Prof. Kathryn Leannon Jr.', 'Tempore et et est consequuntur. Doloribus aut sequi commodi qui id sint. Voluptatibus officia molestiae tenetur dolor et sint necessitatibus. Labore quae iusto nesciunt voluptatem iure nihil nemo praesentium.', 4, '2018-06-17 18:59:22', '2018-06-17 18:59:22'),
(297, 82, 'Kellie Keeling', 'Iure autem praesentium nesciunt asperiores expedita veritatis dolorem. Voluptatem aut dicta nobis officia incidunt commodi. Tempora natus eum inventore et esse. Voluptas eum nisi earum voluptas qui vel.', 3, '2018-06-17 18:59:22', '2018-06-17 18:59:22'),
(298, 26, 'Prof. Bell Cormier V', 'Laudantium et necessitatibus in. Nesciunt esse ab magni hic culpa. Sunt exercitationem ipsum consequuntur.', 5, '2018-06-17 18:59:22', '2018-06-17 18:59:22'),
(299, 70, 'Torrance Hirthe', 'Perferendis dolores aliquam dolor dolores. Enim rerum earum nihil sint consequuntur dolorem tempore qui. Laboriosam debitis nostrum porro vitae dolorem. Voluptas tempore non ducimus et pariatur nesciunt.', 3, '2018-06-17 18:59:22', '2018-06-17 18:59:22'),
(300, 73, 'Katheryn Schmidt', 'Ipsum maxime fuga illum saepe non. Molestias assumenda suscipit quis fugiat modi. Et est quibusdam dolorem. Molestias et vitae et.', 4, '2018-06-17 18:59:22', '2018-06-17 18:59:22');

-- --------------------------------------------------------

--
-- Table structure for table `users`
--

CREATE TABLE `users` (
  `id` int(10) UNSIGNED NOT NULL,
  `name` varchar(191) COLLATE utf8mb4_unicode_ci NOT NULL,
  `email` varchar(191) COLLATE utf8mb4_unicode_ci NOT NULL,
  `password` varchar(191) COLLATE utf8mb4_unicode_ci NOT NULL,
  `remember_token` varchar(100) COLLATE utf8mb4_unicode_ci DEFAULT NULL,
  `created_at` timestamp NULL DEFAULT NULL,
  `updated_at` timestamp NULL DEFAULT NULL
) ENGINE=InnoDB DEFAULT CHARSET=utf8mb4 COLLATE=utf8mb4_unicode_ci;

--
-- Indexes for dumped tables
--

--
-- Indexes for table `migrations`
--
ALTER TABLE `migrations`
  ADD PRIMARY KEY (`id`);

--
-- Indexes for table `password_resets`
--
ALTER TABLE `password_resets`
  ADD KEY `password_resets_email_index` (`email`);

--
-- Indexes for table `products`
--
ALTER TABLE `products`
  ADD PRIMARY KEY (`id`);

--
-- Indexes for table `reviews`
--
ALTER TABLE `reviews`
  ADD PRIMARY KEY (`id`),
  ADD KEY `reviews_product_id_index` (`product_id`);

--
-- Indexes for table `users`
--
ALTER TABLE `users`
  ADD PRIMARY KEY (`id`),
  ADD UNIQUE KEY `users_email_unique` (`email`);

--
-- AUTO_INCREMENT for dumped tables
--

--
-- AUTO_INCREMENT for table `migrations`
--
ALTER TABLE `migrations`
  MODIFY `id` int(10) UNSIGNED NOT NULL AUTO_INCREMENT, AUTO_INCREMENT=5;

--
-- AUTO_INCREMENT for table `products`
--
ALTER TABLE `products`
  MODIFY `id` int(10) UNSIGNED NOT NULL AUTO_INCREMENT, AUTO_INCREMENT=101;

--
-- AUTO_INCREMENT for table `reviews`
--
ALTER TABLE `reviews`
  MODIFY `id` int(10) UNSIGNED NOT NULL AUTO_INCREMENT, AUTO_INCREMENT=301;

--
-- AUTO_INCREMENT for table `users`
--
ALTER TABLE `users`
  MODIFY `id` int(10) UNSIGNED NOT NULL AUTO_INCREMENT;

--
-- Constraints for dumped tables
--

--
-- Constraints for table `reviews`
--
ALTER TABLE `reviews`
  ADD CONSTRAINT `reviews_product_id_foreign` FOREIGN KEY (`product_id`) REFERENCES `products` (`id`) ON DELETE CASCADE;
COMMIT;

/*!40101 SET CHARACTER_SET_CLIENT=@OLD_CHARACTER_SET_CLIENT */;
/*!40101 SET CHARACTER_SET_RESULTS=@OLD_CHARACTER_SET_RESULTS */;
/*!40101 SET COLLATION_CONNECTION=@OLD_COLLATION_CONNECTION */;
